#
# There is insufficient memory for the Java Runtime Environment to continue.
# Native memory allocation (malloc) failed to allocate 1103056 bytes. Error detail: Chunk::new
# Possible reasons:
#   The system is out of physical RAM or swap space
#   This process is running with CompressedOops enabled, and the Java Heap may be blocking the growth of the native heap
# Possible solutions:
#   Reduce memory load on the system
#   Increase physical memory or swap space
#   Check if swap backing store is full
#   Decrease Java heap size (-Xmx/-Xms)
#   Decrease number of Java threads
#   Decrease Java thread stack sizes (-Xss)
#   Set larger code cache with -XX:ReservedCodeCacheSize=
#   JVM is running with Unscaled Compressed Oops mode in which the Java heap is
#     placed in the first 4GB address space. The Java Heap base address is the
#     maximum limit for the native heap growth. Please use -XX:HeapBaseMinAddress
#     to set the Java Heap base and to place the Java Heap above 4GB virtual address.
# This output file may be truncated or incomplete.
#
#  Out of Memory Error (arena.cpp:168), pid=30808, tid=10044
#
# JRE version: OpenJDK Runtime Environment (21.0.9) (build 21.0.9+-14649483-b1163.86)
# Java VM: OpenJDK 64-Bit Server VM (21.0.9+-14649483-b1163.86, mixed mode, tiered, compressed oops, compressed class ptrs, g1 gc, windows-amd64)
# No core dump will be written. Minidumps are not enabled by default on client versions of Windows
#

---------------  S U M M A R Y ------------

Command Line: --add-opens=java.base/java.lang=ALL-UNNAMED --add-opens=java.base/java.lang.invoke=ALL-UNNAMED --add-opens=java.base/java.util=ALL-UNNAMED --add-opens=java.prefs/java.util.prefs=ALL-UNNAMED --add-exports=jdk.compiler/com.sun.tools.javac.api=ALL-UNNAMED --add-exports=jdk.compiler/com.sun.tools.javac.util=ALL-UNNAMED --add-opens=java.base/java.util=ALL-UNNAMED --add-opens=java.prefs/java.util.prefs=ALL-UNNAMED --add-opens=java.base/java.nio.charset=ALL-UNNAMED --add-opens=java.base/java.net=ALL-UNNAMED --add-opens=java.base/java.util.concurrent=ALL-UNNAMED --add-opens=java.base/java.util.concurrent.atomic=ALL-UNNAMED --add-opens=java.xml/javax.xml.namespace=ALL-UNNAMED -Xmx2048m -Dfile.encoding=UTF-8 -Duser.country=IN -Duser.language=en -Duser.variant -javaagent:E:\NammaKathey\NammaKathey\NammaKathey\wrapper\dists\gradle-9.0.0-bin\d6wjpkvcgsg3oed0qlfss3wgl\gradle-9.0.0\lib\agents\gradle-instrumentation-agent-9.0.0.jar org.gradle.launcher.daemon.bootstrap.GradleDaemon 9.0.0

Host: AMD Ryzen AI 9 HX 370 w/ Radeon 890M           , 24 cores, 23G,  Windows 11 , 64 bit Build 26100 (10.0.26100.7705)
Time: Thu May  7 16:44:10 2026 India Standard Time elapsed time: 80.424272 seconds (0d 0h 1m 20s)

---------------  T H R E A D  ---------------

Current thread (0x00000202767a5390):  JavaThread "C2 CompilerThread1" daemon [_thread_in_native, id=10044, stack(0x0000001e44300000,0x0000001e44400000) (1024K)]


Current CompileTask:
C2:80424 22195   !   4       java.net.URLClassLoader$1::run (81 bytes)

Stack: [0x0000001e44300000,0x0000001e44400000]
Native frames: (J=compiled Java code, j=interpreted, Vv=VM code, C=native code)
V  [jvm.dll+0x6d6c99]
V  [jvm.dll+0x866b83]
V  [jvm.dll+0x86919e]
V  [jvm.dll+0x869883]
V  [jvm.dll+0x280776]
V  [jvm.dll+0xc07cd]
V  [jvm.dll+0xc0d03]
V  [jvm.dll+0x3b9831]
V  [jvm.dll+0x1dfac4]
V  [jvm.dll+0x2495b4]
V  [jvm.dll+0x248a31]
V  [jvm.dll+0x1c7344]
V  [jvm.dll+0x2581ae]
V  [jvm.dll+0x2566f6]
V  [jvm.dll+0x3f48a6]
V  [jvm.dll+0x80f118]
V  [jvm.dll+0x6d54ed]
C  [ucrtbase.dll+0x37b0]
C  [KERNEL32.DLL+0x2e8d7]
C  [ntdll.dll+0x8c40c]


---------------  P R O C E S S  ---------------

Threads class SMR info:
_java_thread_list=0x000002027aeb18b0, length=204, elements={
0x00000202528baac0, 0x000002026b7ebfb0, 0x000002026b801310, 0x000002026b801d70,
0x000002026b80d580, 0x000002026b817bf0, 0x000002026b818650, 0x000002026b819980,
0x000002026b83d2e0, 0x000002026b846af0, 0x0000020270226b10, 0x00000202710e6540,
0x000002027298c0a0, 0x0000020272b4b950, 0x000002027199e8d0, 0x00000202719a10f0,
0x0000020270238df0, 0x000002027199d700, 0x000002027199b630, 0x000002027199a910,
0x000002027199c350, 0x000002027199c9e0, 0x000002027199d070, 0x000002027199bcc0,
0x000002027579a130, 0x0000020275798d80, 0x00000202757979d0, 0x000002027579a7c0,
0x0000020275799410, 0x0000020275797340, 0x000002027579e2d0, 0x000002027579cf20,
0x000002027579dc40, 0x000002027579c200, 0x000002027579d5b0, 0x000002027579c890,
0x000002027579ae50, 0x000002027579e960, 0x000002027579b4e0, 0x000002027579bb70,
0x00000202725a8740, 0x00000202725aaea0, 0x00000202725ab530, 0x00000202725a9460,
0x00000202725a9af0, 0x00000202725aa180, 0x00000202725abbc0, 0x00000202725aa810,
0x00000202725ac250, 0x00000202725a8dd0, 0x00000202725ae9b0, 0x00000202725afd60,
0x00000202725ae320, 0x00000202725af040, 0x00000202725ac8e0, 0x00000202725acf70,
0x0000020271dac790, 0x0000020271dadb40, 0x0000020271daad50, 0x0000020271dab3e0,
0x0000020273370490, 0x0000020273370b20, 0x000002027336d6a0, 0x00000202733711b0,
0x000002027336dd30, 0x0000020273371840, 0x000002027336e3c0, 0x0000020273372bf0,
0x0000020273374cc0, 0x0000020273373280, 0x0000020273373910, 0x0000020273373fa0,
0x0000020273371ed0, 0x0000020273374630, 0x0000020273372560, 0x00000202703a3920,
0x00000202703a6080, 0x00000202703a59f0, 0x00000202703a6710, 0x00000202703a4cd0,
0x00000202703a6da0, 0x00000202703a3fb0, 0x00000202703a7430, 0x00000202703a9b90,
0x00000202703a8150, 0x00000202703aa220, 0x0000020274734a20, 0x00000202747398e0,
0x000002027473b320, 0x000002027473ac90, 0x000002027473a600, 0x000002027473b9b0,
0x0000020274738bc0, 0x0000020274739250, 0x0000020274739f70, 0x000002027336f0e0,
0x000002027336f770, 0x00000202725ad600, 0x000002027ae97860, 0x000002027ae96b40,
0x000002027ae95790, 0x000002027ae964b0, 0x000002027ae95e20, 0x000002027ae971d0,
0x000002027ae95100, 0x000002027ae943e0, 0x000002027ae97ef0, 0x000002027ae94a70,
0x000002027ae9ba00, 0x000002027ae9a650, 0x000002027ae98580, 0x0000020273f08400,
0x0000020273f0b880, 0x0000020273f09e40, 0x0000020273f09120, 0x0000020273f0bf10,
0x0000020273f0c5a0, 0x0000020273f0cc30, 0x0000020273f0d2c0, 0x0000020273f0d950,
0x0000020273f0a4d0, 0x0000020273f0e670, 0x0000020273f0ed00, 0x0000020273f0dfe0,
0x0000020273f097b0, 0x0000020273f0b1f0, 0x0000020273f07d70, 0x000002027ae98c10,
0x000002027ae992a0, 0x000002027ae99fc0, 0x00000202703a4640, 0x00000202703aa8b0,
0x0000020273f135c0, 0x0000020273f13c50, 0x0000020273f163b0, 0x0000020273f14970,
0x0000020273f15000, 0x0000020273f17760, 0x0000020273f142e0, 0x0000020273f170d0,
0x0000020273f18b10, 0x0000020273f18480, 0x0000020273f17df0, 0x0000020273f15690,
0x0000020273f16a40, 0x0000020273f191a0, 0x0000020273f15d20, 0x0000020273f19830,
0x0000020273f1a550, 0x0000020278168810, 0x0000020278169530, 0x000002027816a250,
0x0000020278167af0, 0x000002027816af70, 0x000002027816b600, 0x000002027816bc90,
0x0000020278168ea0, 0x000002027816ea80, 0x000002027816f110, 0x000002027816e3f0,
0x0000020278175380, 0x0000020278173fd0, 0x00000202781732b0, 0x0000020278174660,
0x0000020278173940, 0x0000020278171f00, 0x0000020278175a10, 0x0000020278172590,
0x00000202781760a0, 0x000002027816c320, 0x000002027816c9b0, 0x000002027816d040,
0x0000020278169bc0, 0x000002027336fe00, 0x0000020278b13d60, 0x0000020278b14a80,
0x0000020278b143f0, 0x0000020278b15110, 0x0000020278b136d0, 0x0000020278b157a0,
0x0000020278b15e30, 0x0000020278b129b0, 0x0000020278b13040, 0x0000020278b17870,
0x0000020278b192b0, 0x0000020278b171e0, 0x0000020278b18c20, 0x0000020278b19940,
0x0000020278b164c0, 0x0000020278b17f00, 0x0000020278b19fd0, 0x0000020278b16b50,
0x0000020278b18590, 0x00000202761d8580, 0x00000202761d5e20, 0x00000202761d64b0,
0x0000020275592980, 0x000002027558f9d0, 0x0000020275593720, 0x00000202761d9930,
0x00000202761dc090, 0x00000202761de7f0, 0x00000202767a5390, 0x00000202767a4cc0
}

Java Threads: ( => current thread )
  0x00000202528baac0 JavaThread "main"                              [_thread_blocked, id=2160, stack(0x0000001e36000000,0x0000001e36100000) (1024K)]
  0x000002026b7ebfb0 JavaThread "Common-Cleaner"             daemon [_thread_blocked, id=30860, stack(0x0000001e36800000,0x0000001e36900000) (1024K)]
  0x000002026b801310 JavaThread "Reference Handler"          daemon [_thread_blocked, id=6904, stack(0x0000001e36900000,0x0000001e36a00000) (1024K)]
  0x000002026b801d70 JavaThread "Finalizer"                  daemon [_thread_blocked, id=16068, stack(0x0000001e36a00000,0x0000001e36b00000) (1024K)]
  0x000002026b80d580 JavaThread "Signal Dispatcher"          daemon [_thread_blocked, id=7108, stack(0x0000001e36b00000,0x0000001e36c00000) (1024K)]
  0x000002026b817bf0 JavaThread "Attach Listener"            daemon [_thread_blocked, id=24796, stack(0x0000001e36c00000,0x0000001e36d00000) (1024K)]
  0x000002026b818650 JavaThread "Service Thread"             daemon [_thread_blocked, id=26096, stack(0x0000001e36d00000,0x0000001e36e00000) (1024K)]
  0x000002026b819980 JavaThread "Monitor Deflation Thread"   daemon [_thread_blocked, id=26228, stack(0x0000001e36e00000,0x0000001e36f00000) (1024K)]
  0x000002026b83d2e0 JavaThread "C2 CompilerThread0"         daemon [_thread_in_native, id=4004, stack(0x0000001e36f00000,0x0000001e37000000) (1024K)]
  0x000002026b846af0 JavaThread "C1 CompilerThread0"         daemon [_thread_blocked, id=23904, stack(0x0000001e37000000,0x0000001e37100000) (1024K)]
  0x0000020270226b10 JavaThread "Notification Thread"        daemon [_thread_blocked, id=17184, stack(0x0000001e37400000,0x0000001e37500000) (1024K)]
  0x00000202710e6540 JavaThread "Daemon health stats"               [_thread_blocked, id=7316, stack(0x0000001e37f00000,0x0000001e38000000) (1024K)]
  0x000002027298c0a0 JavaThread "Incoming local TCP Connector on port 63417"        [_thread_in_native, id=24932, stack(0x0000001e38000000,0x0000001e38100000) (1024K)]
  0x0000020272b4b950 JavaThread "Daemon periodic checks"            [_thread_blocked, id=23036, stack(0x0000001e38100000,0x0000001e38200000) (1024K)]
  0x000002027199e8d0 JavaThread "Daemon"                            [_thread_blocked, id=28620, stack(0x0000001e38200000,0x0000001e38300000) (1024K)]
  0x00000202719a10f0 JavaThread "Handler for socket connection from /127.0.0.1:63417 to /127.0.0.1:63418"        [_thread_in_native, id=8336, stack(0x0000001e38300000,0x0000001e38400000) (1024K)]
  0x0000020270238df0 JavaThread "Cancel handler"                    [_thread_blocked, id=26872, stack(0x0000001e38f00000,0x0000001e39000000) (1024K)]
  0x000002027199d700 JavaThread "Daemon worker"                     [_thread_in_native, id=29236, stack(0x0000001e39000000,0x0000001e39100000) (1024K)]
  0x000002027199b630 JavaThread "Asynchronous log dispatcher for DefaultDaemonConnection: socket connection from /127.0.0.1:63417 to /127.0.0.1:63418"        [_thread_blocked, id=24084, stack(0x0000001e39100000,0x0000001e39200000) (1024K)]
  0x000002027199a910 JavaThread "Stdin handler"                     [_thread_blocked, id=27532, stack(0x0000001e39200000,0x0000001e39300000) (1024K)]
  0x000002027199c350 JavaThread "Daemon client event forwarder"        [_thread_blocked, id=23064, stack(0x0000001e39300000,0x0000001e39400000) (1024K)]
  0x000002027199c9e0 JavaThread "Cache worker for journal cache (E:\NammaKathey\NammaKathey\NammaKathey\caches\journal-1)"        [_thread_blocked, id=23032, stack(0x0000001e39400000,0x0000001e39500000) (1024K)]
  0x000002027199d070 JavaThread "File lock request listener"        [_thread_in_native, id=24968, stack(0x0000001e39500000,0x0000001e39600000) (1024K)]
  0x000002027199bcc0 JavaThread "Cache worker for file hash cache (E:\NammaKathey\NammaKathey\NammaKathey\caches\9.0.0\fileHashes)"        [_thread_blocked, id=9904, stack(0x0000001e39600000,0x0000001e39700000) (1024K)]
  0x000002027579a130 JavaThread "Cache worker for file hash cache (E:\NammaKathey\NammaKathey\NammaKathey\.gradle\9.0.0\fileHashes)"        [_thread_blocked, id=12920, stack(0x0000001e39a00000,0x0000001e39b00000) (1024K)]
  0x0000020275798d80 JavaThread "Cache worker for Build Output Cleanup Cache (E:\NammaKathey\NammaKathey\NammaKathey\.gradle\buildOutputCleanup)"        [_thread_blocked, id=18652, stack(0x0000001e39b00000,0x0000001e39c00000) (1024K)]
  0x00000202757979d0 JavaThread "File watcher server"        daemon [_thread_in_native, id=14540, stack(0x0000001e39c00000,0x0000001e39d00000) (1024K)]
  0x000002027579a7c0 JavaThread "File watcher consumer"      daemon [_thread_blocked, id=2960, stack(0x0000001e39d00000,0x0000001e39e00000) (1024K)]
  0x0000020275799410 JavaThread "jar transforms"                    [_thread_blocked, id=29312, stack(0x0000001e37300000,0x0000001e37400000) (1024K)]
  0x0000020275797340 JavaThread "jar transforms Thread 2"           [_thread_blocked, id=4956, stack(0x0000001e37500000,0x0000001e37600000) (1024K)]
  0x000002027579e2d0 JavaThread "jar transforms Thread 3"           [_thread_blocked, id=27880, stack(0x0000001e37600000,0x0000001e37700000) (1024K)]
  0x000002027579cf20 JavaThread "jar transforms Thread 4"           [_thread_blocked, id=21568, stack(0x0000001e39e00000,0x0000001e39f00000) (1024K)]
  0x000002027579dc40 JavaThread "jar transforms Thread 5"           [_thread_blocked, id=24756, stack(0x0000001e39f00000,0x0000001e3a000000) (1024K)]
  0x000002027579c200 JavaThread "jar transforms Thread 6"           [_thread_blocked, id=7460, stack(0x0000001e3a000000,0x0000001e3a100000) (1024K)]
  0x000002027579d5b0 JavaThread "jar transforms Thread 7"           [_thread_blocked, id=24620, stack(0x0000001e3a100000,0x0000001e3a200000) (1024K)]
  0x000002027579c890 JavaThread "jar transforms Thread 8"           [_thread_blocked, id=30464, stack(0x0000001e3a200000,0x0000001e3a300000) (1024K)]
  0x000002027579ae50 JavaThread "jar transforms Thread 9"           [_thread_blocked, id=21476, stack(0x0000001e3a300000,0x0000001e3a400000) (1024K)]
  0x000002027579e960 JavaThread "jar transforms Thread 10"          [_thread_blocked, id=1436, stack(0x0000001e3a400000,0x0000001e3a500000) (1024K)]
  0x000002027579b4e0 JavaThread "jar transforms Thread 11"          [_thread_blocked, id=29376, stack(0x0000001e3a500000,0x0000001e3a600000) (1024K)]
  0x000002027579bb70 JavaThread "jar transforms Thread 12"          [_thread_blocked, id=20780, stack(0x0000001e3a600000,0x0000001e3a700000) (1024K)]
  0x00000202725a8740 JavaThread "jar transforms Thread 13"          [_thread_blocked, id=19500, stack(0x0000001e3a700000,0x0000001e3a800000) (1024K)]
  0x00000202725aaea0 JavaThread "jar transforms Thread 14"          [_thread_blocked, id=27512, stack(0x0000001e3a800000,0x0000001e3a900000) (1024K)]
  0x00000202725ab530 JavaThread "jar transforms Thread 15"          [_thread_blocked, id=29688, stack(0x0000001e3a900000,0x0000001e3aa00000) (1024K)]
  0x00000202725a9460 JavaThread "jar transforms Thread 16"          [_thread_blocked, id=24144, stack(0x0000001e3aa00000,0x0000001e3ab00000) (1024K)]
  0x00000202725a9af0 JavaThread "jar transforms Thread 17"          [_thread_blocked, id=23840, stack(0x0000001e3ab00000,0x0000001e3ac00000) (1024K)]
  0x00000202725aa180 JavaThread "jar transforms Thread 18"          [_thread_blocked, id=4492, stack(0x0000001e3ac00000,0x0000001e3ad00000) (1024K)]
  0x00000202725abbc0 JavaThread "jar transforms Thread 19"          [_thread_blocked, id=20400, stack(0x0000001e3ad00000,0x0000001e3ae00000) (1024K)]
  0x00000202725aa810 JavaThread "jar transforms Thread 20"          [_thread_blocked, id=16780, stack(0x0000001e3ae00000,0x0000001e3af00000) (1024K)]
  0x00000202725ac250 JavaThread "jar transforms Thread 21"          [_thread_blocked, id=27904, stack(0x0000001e3af00000,0x0000001e3b000000) (1024K)]
  0x00000202725a8dd0 JavaThread "jar transforms Thread 22"          [_thread_blocked, id=29672, stack(0x0000001e3b000000,0x0000001e3b100000) (1024K)]
  0x00000202725ae9b0 JavaThread "jar transforms Thread 23"          [_thread_blocked, id=28844, stack(0x0000001e3b100000,0x0000001e3b200000) (1024K)]
  0x00000202725afd60 JavaThread "jar transforms Thread 24"          [_thread_blocked, id=9812, stack(0x0000001e3b200000,0x0000001e3b300000) (1024K)]
  0x00000202725ae320 JavaThread "Cache worker for checksums cache (E:\NammaKathey\NammaKathey\NammaKathey\.gradle\9.0.0\checksums)"        [_thread_blocked, id=30848, stack(0x0000001e3b400000,0x0000001e3b500000) (1024K)]
  0x00000202725af040 JavaThread "Cache worker for file content cache (E:\NammaKathey\NammaKathey\NammaKathey\caches\9.0.0\fileContent)"        [_thread_blocked, id=20348, stack(0x0000001e3b500000,0x0000001e3b600000) (1024K)]
  0x00000202725ac8e0 JavaThread "Cache worker for cache directory md-supplier (E:\NammaKathey\NammaKathey\NammaKathey\caches\9.0.0\md-supplier)"        [_thread_blocked, id=23408, stack(0x0000001e3b600000,0x0000001e3b700000) (1024K)]
  0x00000202725acf70 JavaThread "Cache worker for cache directory md-rule (E:\NammaKathey\NammaKathey\NammaKathey\caches\9.0.0\md-rule)"        [_thread_blocked, id=15144, stack(0x0000001e3b700000,0x0000001e3b800000) (1024K)]
  0x0000020271dac790 JavaThread "Unconstrained build operations"        [_thread_blocked, id=18480, stack(0x0000001e3bb00000,0x0000001e3bc00000) (1024K)]
  0x0000020271dadb40 JavaThread "Unconstrained build operations Thread 2"        [_thread_blocked, id=13884, stack(0x0000001e3bc00000,0x0000001e3bd00000) (1024K)]
  0x0000020271daad50 JavaThread "Unconstrained build operations Thread 3"        [_thread_blocked, id=24684, stack(0x0000001e3c000000,0x0000001e3c100000) (1024K)]
  0x0000020271dab3e0 JavaThread "Unconstrained build operations Thread 4"        [_thread_blocked, id=10556, stack(0x0000001e3c100000,0x0000001e3c200000) (1024K)]
  0x0000020273370490 JavaThread "Unconstrained build operations Thread 5"        [_thread_blocked, id=5352, stack(0x0000001e3bd00000,0x0000001e3be00000) (1024K)]
  0x0000020273370b20 JavaThread "Unconstrained build operations Thread 6"        [_thread_blocked, id=9776, stack(0x0000001e3be00000,0x0000001e3bf00000) (1024K)]
  0x000002027336d6a0 JavaThread "Unconstrained build operations Thread 7"        [_thread_blocked, id=26132, stack(0x0000001e3bf00000,0x0000001e3c000000) (1024K)]
  0x00000202733711b0 JavaThread "Unconstrained build operations Thread 8"        [_thread_blocked, id=26540, stack(0x0000001e3c200000,0x0000001e3c300000) (1024K)]
  0x000002027336dd30 JavaThread "Unconstrained build operations Thread 9"        [_thread_blocked, id=8660, stack(0x0000001e3c300000,0x0000001e3c400000) (1024K)]
  0x0000020273371840 JavaThread "Unconstrained build operations Thread 10"        [_thread_blocked, id=29552, stack(0x0000001e3c400000,0x0000001e3c500000) (1024K)]
  0x000002027336e3c0 JavaThread "Unconstrained build operations Thread 11"        [_thread_blocked, id=26000, stack(0x0000001e3c500000,0x0000001e3c600000) (1024K)]
  0x0000020273372bf0 JavaThread "Unconstrained build operations Thread 12"        [_thread_blocked, id=22476, stack(0x0000001e3c600000,0x0000001e3c700000) (1024K)]
  0x0000020273374cc0 JavaThread "Unconstrained build operations Thread 13"        [_thread_blocked, id=30492, stack(0x0000001e3c700000,0x0000001e3c800000) (1024K)]
  0x0000020273373280 JavaThread "Unconstrained build operations Thread 14"        [_thread_blocked, id=21424, stack(0x0000001e3c800000,0x0000001e3c900000) (1024K)]
  0x0000020273373910 JavaThread "Unconstrained build operations Thread 15"        [_thread_blocked, id=11352, stack(0x0000001e3c900000,0x0000001e3ca00000) (1024K)]
  0x0000020273373fa0 JavaThread "Unconstrained build operations Thread 16"        [_thread_blocked, id=13992, stack(0x0000001e3cc00000,0x0000001e3cd00000) (1024K)]
  0x0000020273371ed0 JavaThread "Unconstrained build operations Thread 17"        [_thread_blocked, id=23800, stack(0x0000001e3cd00000,0x0000001e3ce00000) (1024K)]
  0x0000020273374630 JavaThread "Unconstrained build operations Thread 18"        [_thread_blocked, id=29532, stack(0x0000001e3ce00000,0x0000001e3cf00000) (1024K)]
  0x0000020273372560 JavaThread "Unconstrained build operations Thread 19"        [_thread_blocked, id=30372, stack(0x0000001e3cf00000,0x0000001e3d000000) (1024K)]
  0x00000202703a3920 JavaThread "Unconstrained build operations Thread 20"        [_thread_blocked, id=29256, stack(0x0000001e3d000000,0x0000001e3d100000) (1024K)]
  0x00000202703a6080 JavaThread "Unconstrained build operations Thread 21"        [_thread_blocked, id=27360, stack(0x0000001e3d100000,0x0000001e3d200000) (1024K)]
  0x00000202703a59f0 JavaThread "Unconstrained build operations Thread 22"        [_thread_blocked, id=29060, stack(0x0000001e3d200000,0x0000001e3d300000) (1024K)]
  0x00000202703a6710 JavaThread "Unconstrained build operations Thread 23"        [_thread_blocked, id=22468, stack(0x0000001e3d300000,0x0000001e3d400000) (1024K)]
  0x00000202703a4cd0 JavaThread "Unconstrained build operations Thread 24"        [_thread_blocked, id=30544, stack(0x0000001e3d400000,0x0000001e3d500000) (1024K)]
  0x00000202703a6da0 JavaThread "Unconstrained build operations Thread 25"        [_thread_blocked, id=24324, stack(0x0000001e3d500000,0x0000001e3d600000) (1024K)]
  0x00000202703a3fb0 JavaThread "Unconstrained build operations Thread 26"        [_thread_blocked, id=27336, stack(0x0000001e3d600000,0x0000001e3d700000) (1024K)]
  0x00000202703a7430 JavaThread "Unconstrained build operations Thread 27"        [_thread_blocked, id=24124, stack(0x0000001e3d700000,0x0000001e3d800000) (1024K)]
  0x00000202703a9b90 JavaThread "Unconstrained build operations Thread 28"        [_thread_blocked, id=20028, stack(0x0000001e3b300000,0x0000001e3b400000) (1024K)]
  0x00000202703a8150 JavaThread "Unconstrained build operations Thread 29"        [_thread_blocked, id=31436, stack(0x0000001e3cb00000,0x0000001e3cc00000) (1024K)]
  0x00000202703aa220 JavaThread "Unconstrained build operations Thread 30"        [_thread_blocked, id=15508, stack(0x0000001e3d800000,0x0000001e3d900000) (1024K)]
  0x0000020274734a20 JavaThread "Unconstrained build operations Thread 31"        [_thread_blocked, id=27440, stack(0x0000001e3ba00000,0x0000001e3bb00000) (1024K)]
  0x00000202747398e0 JavaThread "Unconstrained build operations Thread 32"        [_thread_blocked, id=17292, stack(0x0000001e3ca00000,0x0000001e3cb00000) (1024K)]
  0x000002027473b320 JavaThread "Unconstrained build operations Thread 33"        [_thread_blocked, id=27872, stack(0x0000001e3d900000,0x0000001e3da00000) (1024K)]
  0x000002027473ac90 JavaThread "Unconstrained build operations Thread 34"        [_thread_blocked, id=21824, stack(0x0000001e3da00000,0x0000001e3db00000) (1024K)]
  0x000002027473a600 JavaThread "Unconstrained build operations Thread 35"        [_thread_blocked, id=26068, stack(0x0000001e3db00000,0x0000001e3dc00000) (1024K)]
  0x000002027473b9b0 JavaThread "Unconstrained build operations Thread 36"        [_thread_blocked, id=31572, stack(0x0000001e3dc00000,0x0000001e3dd00000) (1024K)]
  0x0000020274738bc0 JavaThread "Unconstrained build operations Thread 37"        [_thread_blocked, id=27048, stack(0x0000001e3dd00000,0x0000001e3de00000) (1024K)]
  0x0000020274739250 JavaThread "Unconstrained build operations Thread 38"        [_thread_blocked, id=30084, stack(0x0000001e3de00000,0x0000001e3df00000) (1024K)]
  0x0000020274739f70 JavaThread "Unconstrained build operations Thread 39"        [_thread_blocked, id=29072, stack(0x0000001e3df00000,0x0000001e3e000000) (1024K)]
  0x000002027336f0e0 JavaThread "Unconstrained build operations Thread 40"        [_thread_blocked, id=24660, stack(0x0000001e3e000000,0x0000001e3e100000) (1024K)]
  0x000002027336f770 JavaThread "Unconstrained build operations Thread 41"        [_thread_blocked, id=26736, stack(0x0000001e3e100000,0x0000001e3e200000) (1024K)]
  0x00000202725ad600 JavaThread "Unconstrained build operations Thread 42"        [_thread_blocked, id=26088, stack(0x0000001e3e200000,0x0000001e3e300000) (1024K)]
  0x000002027ae97860 JavaThread "Unconstrained build operations Thread 43"        [_thread_blocked, id=13652, stack(0x0000001e3e300000,0x0000001e3e400000) (1024K)]
  0x000002027ae96b40 JavaThread "Unconstrained build operations Thread 44"        [_thread_blocked, id=2324, stack(0x0000001e3e400000,0x0000001e3e500000) (1024K)]
  0x000002027ae95790 JavaThread "Unconstrained build operations Thread 45"        [_thread_blocked, id=23072, stack(0x0000001e3e500000,0x0000001e3e600000) (1024K)]
  0x000002027ae964b0 JavaThread "Unconstrained build operations Thread 46"        [_thread_blocked, id=20236, stack(0x0000001e3e600000,0x0000001e3e700000) (1024K)]
  0x000002027ae95e20 JavaThread "Unconstrained build operations Thread 47"        [_thread_blocked, id=3160, stack(0x0000001e3e700000,0x0000001e3e800000) (1024K)]
  0x000002027ae971d0 JavaThread "Unconstrained build operations Thread 48"        [_thread_blocked, id=22156, stack(0x0000001e3e800000,0x0000001e3e900000) (1024K)]
  0x000002027ae95100 JavaThread "Unconstrained build operations Thread 49"        [_thread_blocked, id=21840, stack(0x0000001e3e900000,0x0000001e3ea00000) (1024K)]
  0x000002027ae943e0 JavaThread "Unconstrained build operations Thread 50"        [_thread_blocked, id=11140, stack(0x0000001e3ea00000,0x0000001e3eb00000) (1024K)]
  0x000002027ae97ef0 JavaThread "Unconstrained build operations Thread 51"        [_thread_blocked, id=25044, stack(0x0000001e3eb00000,0x0000001e3ec00000) (1024K)]
  0x000002027ae94a70 JavaThread "Unconstrained build operations Thread 52"        [_thread_blocked, id=29460, stack(0x0000001e3ec00000,0x0000001e3ed00000) (1024K)]
  0x000002027ae9ba00 JavaThread "Unconstrained build operations Thread 53"        [_thread_blocked, id=22188, stack(0x0000001e3ed00000,0x0000001e3ee00000) (1024K)]
  0x000002027ae9a650 JavaThread "Unconstrained build operations Thread 54"        [_thread_blocked, id=8860, stack(0x0000001e35e00000,0x0000001e35f00000) (1024K)]
  0x000002027ae98580 JavaThread "Unconstrained build operations Thread 55"        [_thread_blocked, id=31528, stack(0x0000001e3b800000,0x0000001e3b900000) (1024K)]
  0x0000020273f08400 JavaThread "Unconstrained build operations Thread 56"        [_thread_blocked, id=28992, stack(0x0000001e3ee00000,0x0000001e3ef00000) (1024K)]
  0x0000020273f0b880 JavaThread "Unconstrained build operations Thread 57"        [_thread_blocked, id=18576, stack(0x0000001e3ef00000,0x0000001e3f000000) (1024K)]
  0x0000020273f09e40 JavaThread "Unconstrained build operations Thread 58"        [_thread_blocked, id=29440, stack(0x0000001e3f000000,0x0000001e3f100000) (1024K)]
  0x0000020273f09120 JavaThread "Unconstrained build operations Thread 59"        [_thread_blocked, id=26800, stack(0x0000001e3f100000,0x0000001e3f200000) (1024K)]
  0x0000020273f0bf10 JavaThread "Unconstrained build operations Thread 60"        [_thread_blocked, id=16108, stack(0x0000001e3f200000,0x0000001e3f300000) (1024K)]
  0x0000020273f0c5a0 JavaThread "Unconstrained build operations Thread 61"        [_thread_blocked, id=29444, stack(0x0000001e3f300000,0x0000001e3f400000) (1024K)]
  0x0000020273f0cc30 JavaThread "Unconstrained build operations Thread 62"        [_thread_blocked, id=10520, stack(0x0000001e3f400000,0x0000001e3f500000) (1024K)]
  0x0000020273f0d2c0 JavaThread "Unconstrained build operations Thread 63"        [_thread_blocked, id=16176, stack(0x0000001e3f500000,0x0000001e3f600000) (1024K)]
  0x0000020273f0d950 JavaThread "Unconstrained build operations Thread 64"        [_thread_blocked, id=6848, stack(0x0000001e3f600000,0x0000001e3f700000) (1024K)]
  0x0000020273f0a4d0 JavaThread "Unconstrained build operations Thread 65"        [_thread_blocked, id=23480, stack(0x0000001e3f700000,0x0000001e3f800000) (1024K)]
  0x0000020273f0e670 JavaThread "Unconstrained build operations Thread 66"        [_thread_blocked, id=28676, stack(0x0000001e3f800000,0x0000001e3f900000) (1024K)]
  0x0000020273f0ed00 JavaThread "Unconstrained build operations Thread 67"        [_thread_blocked, id=20420, stack(0x0000001e3f900000,0x0000001e3fa00000) (1024K)]
  0x0000020273f0dfe0 JavaThread "Unconstrained build operations Thread 68"        [_thread_blocked, id=30428, stack(0x0000001e3fa00000,0x0000001e3fb00000) (1024K)]
  0x0000020273f097b0 JavaThread "Unconstrained build operations Thread 69"        [_thread_blocked, id=28560, stack(0x0000001e3fb00000,0x0000001e3fc00000) (1024K)]
  0x0000020273f0b1f0 JavaThread "Unconstrained build operations Thread 70"        [_thread_blocked, id=17916, stack(0x0000001e3fc00000,0x0000001e3fd00000) (1024K)]
  0x0000020273f07d70 JavaThread "Unconstrained build operations Thread 71"        [_thread_blocked, id=20884, stack(0x0000001e3fd00000,0x0000001e3fe00000) (1024K)]
  0x000002027ae98c10 JavaThread "Unconstrained build operations Thread 72"        [_thread_blocked, id=19276, stack(0x0000001e3fe00000,0x0000001e3ff00000) (1024K)]
  0x000002027ae992a0 JavaThread "Unconstrained build operations Thread 73"        [_thread_blocked, id=23464, stack(0x0000001e3ff00000,0x0000001e40000000) (1024K)]
  0x000002027ae99fc0 JavaThread "Unconstrained build operations Thread 74"        [_thread_blocked, id=23120, stack(0x0000001e40000000,0x0000001e40100000) (1024K)]
  0x00000202703a4640 JavaThread "Unconstrained build operations Thread 75"        [_thread_blocked, id=30228, stack(0x0000001e40100000,0x0000001e40200000) (1024K)]
  0x00000202703aa8b0 JavaThread "Unconstrained build operations Thread 76"        [_thread_blocked, id=17980, stack(0x0000001e40200000,0x0000001e40300000) (1024K)]
  0x0000020273f135c0 JavaThread "Unconstrained build operations Thread 77"        [_thread_blocked, id=17844, stack(0x0000001e40300000,0x0000001e40400000) (1024K)]
  0x0000020273f13c50 JavaThread "Unconstrained build operations Thread 78"        [_thread_blocked, id=12152, stack(0x0000001e40400000,0x0000001e40500000) (1024K)]
  0x0000020273f163b0 JavaThread "Unconstrained build operations Thread 79"        [_thread_blocked, id=17108, stack(0x0000001e40500000,0x0000001e40600000) (1024K)]
  0x0000020273f14970 JavaThread "Unconstrained build operations Thread 80"        [_thread_blocked, id=30120, stack(0x0000001e40600000,0x0000001e40700000) (1024K)]
  0x0000020273f15000 JavaThread "Unconstrained build operations Thread 81"        [_thread_blocked, id=28000, stack(0x0000001e40700000,0x0000001e40800000) (1024K)]
  0x0000020273f17760 JavaThread "Unconstrained build operations Thread 82"        [_thread_blocked, id=20460, stack(0x0000001e40800000,0x0000001e40900000) (1024K)]
  0x0000020273f142e0 JavaThread "Unconstrained build operations Thread 83"        [_thread_blocked, id=7260, stack(0x0000001e40900000,0x0000001e40a00000) (1024K)]
  0x0000020273f170d0 JavaThread "Unconstrained build operations Thread 84"        [_thread_blocked, id=21000, stack(0x0000001e40a00000,0x0000001e40b00000) (1024K)]
  0x0000020273f18b10 JavaThread "Unconstrained build operations Thread 85"        [_thread_blocked, id=24804, stack(0x0000001e40b00000,0x0000001e40c00000) (1024K)]
  0x0000020273f18480 JavaThread "Unconstrained build operations Thread 86"        [_thread_blocked, id=31144, stack(0x0000001e40c00000,0x0000001e40d00000) (1024K)]
  0x0000020273f17df0 JavaThread "Unconstrained build operations Thread 87"        [_thread_blocked, id=19696, stack(0x0000001e40d00000,0x0000001e40e00000) (1024K)]
  0x0000020273f15690 JavaThread "Unconstrained build operations Thread 88"        [_thread_blocked, id=25568, stack(0x0000001e40e00000,0x0000001e40f00000) (1024K)]
  0x0000020273f16a40 JavaThread "Unconstrained build operations Thread 89"        [_thread_blocked, id=29564, stack(0x0000001e40f00000,0x0000001e41000000) (1024K)]
  0x0000020273f191a0 JavaThread "Unconstrained build operations Thread 90"        [_thread_blocked, id=21532, stack(0x0000001e41000000,0x0000001e41100000) (1024K)]
  0x0000020273f15d20 JavaThread "Unconstrained build operations Thread 91"        [_thread_blocked, id=1184, stack(0x0000001e41100000,0x0000001e41200000) (1024K)]
  0x0000020273f19830 JavaThread "Unconstrained build operations Thread 92"        [_thread_blocked, id=4284, stack(0x0000001e41200000,0x0000001e41300000) (1024K)]
  0x0000020273f1a550 JavaThread "Unconstrained build operations Thread 93"        [_thread_blocked, id=31648, stack(0x0000001e41300000,0x0000001e41400000) (1024K)]
  0x0000020278168810 JavaThread "File lock release action executor"        [_thread_blocked, id=18236, stack(0x0000001e37100000,0x0000001e37200000) (1024K)]
  0x0000020278169530 JavaThread "Unconstrained build operations Thread 94"        [_thread_blocked, id=3560, stack(0x0000001e41700000,0x0000001e41800000) (1024K)]
  0x000002027816a250 JavaThread "Unconstrained build operations Thread 95"        [_thread_blocked, id=28352, stack(0x0000001e41800000,0x0000001e41900000) (1024K)]
  0x0000020278167af0 JavaThread "Unconstrained build operations Thread 96"        [_thread_blocked, id=31292, stack(0x0000001e41900000,0x0000001e41a00000) (1024K)]
  0x000002027816af70 JavaThread "Unconstrained build operations Thread 97"        [_thread_blocked, id=26296, stack(0x0000001e41a00000,0x0000001e41b00000) (1024K)]
  0x000002027816b600 JavaThread "Unconstrained build operations Thread 98"        [_thread_blocked, id=17368, stack(0x0000001e41b00000,0x0000001e41c00000) (1024K)]
  0x000002027816bc90 JavaThread "Unconstrained build operations Thread 99"        [_thread_blocked, id=21904, stack(0x0000001e41c00000,0x0000001e41d00000) (1024K)]
  0x0000020278168ea0 JavaThread "Unconstrained build operations Thread 100"        [_thread_blocked, id=24772, stack(0x0000001e41d00000,0x0000001e41e00000) (1024K)]
  0x000002027816ea80 JavaThread "Unconstrained build operations Thread 101"        [_thread_blocked, id=26528, stack(0x0000001e41e00000,0x0000001e41f00000) (1024K)]
  0x000002027816f110 JavaThread "Unconstrained build operations Thread 102"        [_thread_blocked, id=19520, stack(0x0000001e41f00000,0x0000001e42000000) (1024K)]
  0x000002027816e3f0 JavaThread "Unconstrained build operations Thread 103"        [_thread_blocked, id=28316, stack(0x0000001e42000000,0x0000001e42100000) (1024K)]
  0x0000020278175380 JavaThread "Unconstrained build operations Thread 104"        [_thread_blocked, id=13524, stack(0x0000001e42100000,0x0000001e42200000) (1024K)]
  0x0000020278173fd0 JavaThread "Unconstrained build operations Thread 105"        [_thread_blocked, id=14880, stack(0x0000001e42200000,0x0000001e42300000) (1024K)]
  0x00000202781732b0 JavaThread "Unconstrained build operations Thread 106"        [_thread_blocked, id=12616, stack(0x0000001e42300000,0x0000001e42400000) (1024K)]
  0x0000020278174660 JavaThread "Unconstrained build operations Thread 107"        [_thread_blocked, id=10960, stack(0x0000001e42400000,0x0000001e42500000) (1024K)]
  0x0000020278173940 JavaThread "Unconstrained build operations Thread 108"        [_thread_blocked, id=29968, stack(0x0000001e42500000,0x0000001e42600000) (1024K)]
  0x0000020278171f00 JavaThread "Unconstrained build operations Thread 109"        [_thread_blocked, id=3924, stack(0x0000001e42600000,0x0000001e42700000) (1024K)]
  0x0000020278175a10 JavaThread "Unconstrained build operations Thread 110"        [_thread_blocked, id=8672, stack(0x0000001e42700000,0x0000001e42800000) (1024K)]
  0x0000020278172590 JavaThread "Unconstrained build operations Thread 111"        [_thread_blocked, id=18072, stack(0x0000001e42800000,0x0000001e42900000) (1024K)]
  0x00000202781760a0 JavaThread "Unconstrained build operations Thread 112"        [_thread_blocked, id=25060, stack(0x0000001e42900000,0x0000001e42a00000) (1024K)]
  0x000002027816c320 JavaThread "Unconstrained build operations Thread 113"        [_thread_blocked, id=18684, stack(0x0000001e42a00000,0x0000001e42b00000) (1024K)]
  0x000002027816c9b0 JavaThread "Unconstrained build operations Thread 114"        [_thread_blocked, id=17624, stack(0x0000001e42b00000,0x0000001e42c00000) (1024K)]
  0x000002027816d040 JavaThread "Unconstrained build operations Thread 115"        [_thread_blocked, id=30168, stack(0x0000001e42c00000,0x0000001e42d00000) (1024K)]
  0x0000020278169bc0 JavaThread "Unconstrained build operations Thread 116"        [_thread_blocked, id=25752, stack(0x0000001e42d00000,0x0000001e42e00000) (1024K)]
  0x000002027336fe00 JavaThread "Unconstrained build operations Thread 117"        [_thread_blocked, id=27640, stack(0x0000001e41500000,0x0000001e41600000) (1024K)]
  0x0000020278b13d60 JavaThread "Unconstrained build operations Thread 118"        [_thread_blocked, id=29764, stack(0x0000001e41600000,0x0000001e41700000) (1024K)]
  0x0000020278b14a80 JavaThread "Unconstrained build operations Thread 119"        [_thread_blocked, id=30708, stack(0x0000001e42e00000,0x0000001e42f00000) (1024K)]
  0x0000020278b143f0 JavaThread "Unconstrained build operations Thread 120"        [_thread_blocked, id=17696, stack(0x0000001e42f00000,0x0000001e43000000) (1024K)]
  0x0000020278b15110 JavaThread "Unconstrained build operations Thread 121"        [_thread_blocked, id=26408, stack(0x0000001e43000000,0x0000001e43100000) (1024K)]
  0x0000020278b136d0 JavaThread "Unconstrained build operations Thread 122"        [_thread_blocked, id=23908, stack(0x0000001e43100000,0x0000001e43200000) (1024K)]
  0x0000020278b157a0 JavaThread "Unconstrained build operations Thread 123"        [_thread_blocked, id=24148, stack(0x0000001e43200000,0x0000001e43300000) (1024K)]
  0x0000020278b15e30 JavaThread "Unconstrained build operations Thread 124"        [_thread_blocked, id=25680, stack(0x0000001e43300000,0x0000001e43400000) (1024K)]
  0x0000020278b129b0 JavaThread "Unconstrained build operations Thread 125"        [_thread_blocked, id=26384, stack(0x0000001e43400000,0x0000001e43500000) (1024K)]
  0x0000020278b13040 JavaThread "Unconstrained build operations Thread 126"        [_thread_blocked, id=26028, stack(0x0000001e43500000,0x0000001e43600000) (1024K)]
  0x0000020278b17870 JavaThread "Unconstrained build operations Thread 127"        [_thread_blocked, id=23632, stack(0x0000001e43600000,0x0000001e43700000) (1024K)]
  0x0000020278b192b0 JavaThread "Unconstrained build operations Thread 128"        [_thread_blocked, id=29524, stack(0x0000001e43700000,0x0000001e43800000) (1024K)]
  0x0000020278b171e0 JavaThread "Unconstrained build operations Thread 129"        [_thread_blocked, id=11844, stack(0x0000001e43800000,0x0000001e43900000) (1024K)]
  0x0000020278b18c20 JavaThread "Unconstrained build operations Thread 130"        [_thread_blocked, id=10484, stack(0x0000001e43900000,0x0000001e43a00000) (1024K)]
  0x0000020278b19940 JavaThread "Unconstrained build operations Thread 131"        [_thread_blocked, id=20768, stack(0x0000001e43a00000,0x0000001e43b00000) (1024K)]
  0x0000020278b164c0 JavaThread "Unconstrained build operations Thread 132"        [_thread_blocked, id=29636, stack(0x0000001e43b00000,0x0000001e43c00000) (1024K)]
  0x0000020278b17f00 JavaThread "Unconstrained build operations Thread 133"        [_thread_blocked, id=17728, stack(0x0000001e43c00000,0x0000001e43d00000) (1024K)]
  0x0000020278b19fd0 JavaThread "Unconstrained build operations Thread 134"        [_thread_blocked, id=26204, stack(0x0000001e43d00000,0x0000001e43e00000) (1024K)]
  0x0000020278b16b50 JavaThread "Unconstrained build operations Thread 135"        [_thread_blocked, id=15052, stack(0x0000001e43e00000,0x0000001e43f00000) (1024K)]
  0x0000020278b18590 JavaThread "Unconstrained build operations Thread 136"        [_thread_blocked, id=30484, stack(0x0000001e43f00000,0x0000001e44000000) (1024K)]
  0x00000202761d8580 JavaThread "Unconstrained build operations Thread 137"        [_thread_blocked, id=22024, stack(0x0000001e44000000,0x0000001e44100000) (1024K)]
  0x00000202761d5e20 JavaThread "Unconstrained build operations Thread 138"        [_thread_blocked, id=25800, stack(0x0000001e44100000,0x0000001e44200000) (1024K)]
  0x00000202761d64b0 JavaThread "Unconstrained build operations Thread 139"        [_thread_blocked, id=1560, stack(0x0000001e44200000,0x0000001e44300000) (1024K)]
  0x0000020275592980 JavaThread "C1 CompilerThread1"         daemon [_thread_blocked, id=15248, stack(0x0000001e35d00000,0x0000001e35e00000) (1024K)]
  0x000002027558f9d0 JavaThread "C1 CompilerThread2"         daemon [_thread_blocked, id=31520, stack(0x0000001e35f00000,0x0000001e36000000) (1024K)]
  0x0000020275593720 JavaThread "C1 CompilerThread3"         daemon [_thread_blocked, id=11760, stack(0x0000001e41400000,0x0000001e41500000) (1024K)]
  0x00000202761d9930 JavaThread "Memory manager"                    [_thread_blocked, id=26900, stack(0x0000001e44400000,0x0000001e44500000) (1024K)]
  0x00000202761dc090 JavaThread "Problems report writer"            [_thread_blocked, id=24728, stack(0x0000001e44500000,0x0000001e44600000) (1024K)]
  0x00000202761de7f0 JavaThread "build event listener"              [_thread_blocked, id=19744, stack(0x0000001e44700000,0x0000001e44800000) (1024K)]
=>0x00000202767a5390 JavaThread "C2 CompilerThread1"         daemon [_thread_in_native, id=10044, stack(0x0000001e44300000,0x0000001e44400000) (1024K)]
  0x00000202767a4cc0 JavaThread "C2 CompilerThread2"         daemon [_thread_blocked, id=25080, stack(0x0000001e44600000,0x0000001e44700000) (1024K)]
Total: 204

Other Threads:
  0x000002026b769f60 VMThread "VM Thread"                           [id=25332, stack(0x0000001e36700000,0x0000001e36800000) (1024K)]
  0x000002026b408be0 WatcherThread "VM Periodic Task Thread"        [id=26060, stack(0x0000001e36600000,0x0000001e36700000) (1024K)]
  0x0000020252918790 WorkerThread "GC Thread#0"                     [id=31344, stack(0x0000001e36100000,0x0000001e36200000) (1024K)]
  0x00000202708e00d0 WorkerThread "GC Thread#1"                     [id=13396, stack(0x0000001e37700000,0x0000001e37800000) (1024K)]
  0x000002027087cdc0 WorkerThread "GC Thread#2"                     [id=28212, stack(0x0000001e37800000,0x0000001e37900000) (1024K)]
  0x000002027062f240 WorkerThread "GC Thread#3"                     [id=25624, stack(0x0000001e37900000,0x0000001e37a00000) (1024K)]
  0x000002027062f9e0 WorkerThread "GC Thread#4"                     [id=24252, stack(0x0000001e37a00000,0x0000001e37b00000) (1024K)]
  0x0000020270626420 WorkerThread "GC Thread#5"                     [id=30812, stack(0x0000001e37b00000,0x0000001e37c00000) (1024K)]
  0x0000020270626bd0 WorkerThread "GC Thread#6"                     [id=7512, stack(0x0000001e37c00000,0x0000001e37d00000) (1024K)]
  0x00000202708120d0 WorkerThread "GC Thread#7"                     [id=12124, stack(0x0000001e37d00000,0x0000001e37e00000) (1024K)]
  0x00000202719a1f70 WorkerThread "GC Thread#8"                     [id=22272, stack(0x0000001e38400000,0x0000001e38500000) (1024K)]
  0x000002027203d440 WorkerThread "GC Thread#9"                     [id=30356, stack(0x0000001e38500000,0x0000001e38600000) (1024K)]
  0x00000202728fe560 WorkerThread "GC Thread#10"                    [id=21168, stack(0x0000001e38600000,0x0000001e38700000) (1024K)]
  0x0000020272ae7260 WorkerThread "GC Thread#11"                    [id=23080, stack(0x0000001e38700000,0x0000001e38800000) (1024K)]
  0x0000020272ae6ec0 WorkerThread "GC Thread#12"                    [id=2836, stack(0x0000001e38800000,0x0000001e38900000) (1024K)]
  0x0000020272ae6780 WorkerThread "GC Thread#13"                    [id=22392, stack(0x0000001e38900000,0x0000001e38a00000) (1024K)]
  0x0000020272ae7600 WorkerThread "GC Thread#14"                    [id=7748, stack(0x0000001e38a00000,0x0000001e38b00000) (1024K)]
  0x0000020273e5abe0 WorkerThread "GC Thread#15"                    [id=23184, stack(0x0000001e39700000,0x0000001e39800000) (1024K)]
  0x0000020273e5ba60 WorkerThread "GC Thread#16"                    [id=19352, stack(0x0000001e39800000,0x0000001e39900000) (1024K)]
  0x0000020273e5c1a0 WorkerThread "GC Thread#17"                    [id=18760, stack(0x0000001e39900000,0x0000001e39a00000) (1024K)]
  0x00000202529687b0 ConcurrentGCThread "G1 Main Marker"            [id=3900, stack(0x0000001e36200000,0x0000001e36300000) (1024K)]
  0x00000202529691c0 WorkerThread "G1 Conc#0"                       [id=7456, stack(0x0000001e36300000,0x0000001e36400000) (1024K)]
  0x0000020272ae79a0 WorkerThread "G1 Conc#1"                       [id=23060, stack(0x0000001e38b00000,0x0000001e38c00000) (1024K)]
  0x0000020272ae7d40 WorkerThread "G1 Conc#2"                       [id=18784, stack(0x0000001e38c00000,0x0000001e38d00000) (1024K)]
  0x0000020272ae63e0 WorkerThread "G1 Conc#3"                       [id=23056, stack(0x0000001e38d00000,0x0000001e38e00000) (1024K)]
  0x0000020272ae6b20 WorkerThread "G1 Conc#4"                       [id=11480, stack(0x0000001e38e00000,0x0000001e38f00000) (1024K)]
  0x000002026b3b8420 ConcurrentGCThread "G1 Refine#0"               [id=6800, stack(0x0000001e36400000,0x0000001e36500000) (1024K)]
  0x000002026b3b9d50 ConcurrentGCThread "G1 Service"                [id=25260, stack(0x0000001e36500000,0x0000001e36600000) (1024K)]
Total: 28

Threads with active compile tasks:
C2 CompilerThread0  80464 22194       4       java.net.URLClassLoader$1::run (5 bytes)
C2 CompilerThread1  80464 22195   !   4       java.net.URLClassLoader$1::run (81 bytes)
Total: 2

VM state: not at safepoint (normal execution)

VM Mutex/Monitor currently owned by a thread: None

Heap address: 0x0000000080000000, size: 2048 MB, Compressed Oops mode: 32-bit

CDS archive(s) not mapped
Compressed class space mapped at: 0x0000000100000000-0x0000000140000000, reserved size: 1073741824
Narrow klass base: 0x0000000000000000, Narrow klass shift: 3, Narrow klass range: 0x140000000

GC Precious Log:
 CardTable entry size: 512
 Card Set container configuration: InlinePtr #cards 5 size 8 Array Of Cards #cards 12 size 40 Howl #buckets 4 coarsen threshold 1843 Howl Bitmap #cards 512 size 80 coarsen threshold 460 Card regions per heap region 1 cards per card region 2048
 CPUs: 24 total, 24 available
 Memory: 23673M
 Large Page Support: Disabled
 NUMA Support: Disabled
 Compressed Oops: Enabled (32-bit)
 Heap Region Size: 1M
 Heap Min Capacity: 8M
 Heap Initial Capacity: 370M
 Heap Max Capacity: 2G
 Pre-touch: Disabled
 Parallel Workers: 18
 Concurrent Workers: 5
 Concurrent Refinement Workers: 18
 Periodic GC: Disabled

Heap:
 garbage-first heap   total 764928K, used 295408K [0x0000000080000000, 0x0000000100000000)
  region size 1024K, 66 young (67584K), 33 survivors (33792K)
 Metaspace       used 125841K, committed 128064K, reserved 1179648K
  class space    used 16776K, committed 17856K, reserved 1048576K

Heap Regions: E=young(eden), S=young(survivor), O=old, HS=humongous(starts), HC=humongous(continues), CS=collection set, F=free, TAMS=top-at-mark-start, PB=parsable bottom
|   0|0x0000000080000000, 0x0000000080100000, 0x0000000080100000|100%|HS|  |TAMS 0x0000000080000000| PB 0x0000000080000000| Complete 
|   1|0x0000000080100000, 0x0000000080200000, 0x0000000080200000|100%|HC|  |TAMS 0x0000000080100000| PB 0x0000000080100000| Complete 
|   2|0x0000000080200000, 0x0000000080300000, 0x0000000080300000|100%|HC|  |TAMS 0x0000000080200000| PB 0x0000000080200000| Complete 
|   3|0x0000000080300000, 0x0000000080400000, 0x0000000080400000|100%| O|  |TAMS 0x0000000080300000| PB 0x0000000080300000| Untracked 
|   4|0x0000000080400000, 0x0000000080500000, 0x0000000080500000|100%| O|  |TAMS 0x0000000080400000| PB 0x0000000080400000| Untracked 
|   5|0x0000000080500000, 0x0000000080600000, 0x0000000080600000|100%| O|  |TAMS 0x0000000080500000| PB 0x0000000080500000| Untracked 
|   6|0x0000000080600000, 0x0000000080700000, 0x0000000080700000|100%|HS|  |TAMS 0x0000000080600000| PB 0x0000000080600000| Complete 
|   7|0x0000000080700000, 0x0000000080800000, 0x0000000080800000|100%| O|  |TAMS 0x0000000080700000| PB 0x0000000080700000| Untracked 
|   8|0x0000000080800000, 0x0000000080900000, 0x0000000080900000|100%| O|  |TAMS 0x0000000080800000| PB 0x0000000080800000| Untracked 
|   9|0x0000000080900000, 0x0000000080a00000, 0x0000000080a00000|100%| O|  |TAMS 0x0000000080900000| PB 0x0000000080900000| Untracked 
|  10|0x0000000080a00000, 0x0000000080b00000, 0x0000000080b00000|100%| O|  |TAMS 0x0000000080a00000| PB 0x0000000080a00000| Untracked 
|  11|0x0000000080b00000, 0x0000000080c00000, 0x0000000080c00000|100%| O|  |TAMS 0x0000000080b00000| PB 0x0000000080b00000| Untracked 
|  12|0x0000000080c00000, 0x0000000080d00000, 0x0000000080d00000|100%| O|  |TAMS 0x0000000080c00000| PB 0x0000000080c00000| Untracked 
|  13|0x0000000080d00000, 0x0000000080e00000, 0x0000000080e00000|100%| O|  |TAMS 0x0000000080d00000| PB 0x0000000080d00000| Untracked 
|  14|0x0000000080e00000, 0x0000000080f00000, 0x0000000080f00000|100%| O|  |TAMS 0x0000000080e00000| PB 0x0000000080e00000| Untracked 
|  15|0x0000000080f00000, 0x0000000081000000, 0x0000000081000000|100%| O|  |TAMS 0x0000000080f00000| PB 0x0000000080f00000| Untracked 
|  16|0x0000000081000000, 0x0000000081100000, 0x0000000081100000|100%| O|  |TAMS 0x0000000081000000| PB 0x0000000081000000| Untracked 
|  17|0x0000000081100000, 0x0000000081200000, 0x0000000081200000|100%| O|  |TAMS 0x0000000081100000| PB 0x0000000081100000| Untracked 
|  18|0x0000000081200000, 0x0000000081300000, 0x0000000081300000|100%| O|  |TAMS 0x0000000081200000| PB 0x0000000081200000| Untracked 
|  19|0x0000000081300000, 0x0000000081400000, 0x0000000081400000|100%| O|  |TAMS 0x0000000081300000| PB 0x0000000081300000| Untracked 
|  20|0x0000000081400000, 0x0000000081500000, 0x0000000081500000|100%| O|  |TAMS 0x0000000081400000| PB 0x0000000081400000| Untracked 
|  21|0x0000000081500000, 0x0000000081600000, 0x0000000081600000|100%| O|  |TAMS 0x0000000081500000| PB 0x0000000081500000| Untracked 
|  22|0x0000000081600000, 0x0000000081700000, 0x0000000081700000|100%|HS|  |TAMS 0x0000000081600000| PB 0x0000000081600000| Complete 
|  23|0x0000000081700000, 0x0000000081800000, 0x0000000081800000|100%|HC|  |TAMS 0x0000000081700000| PB 0x0000000081700000| Complete 
|  24|0x0000000081800000, 0x0000000081900000, 0x0000000081900000|100%|HC|  |TAMS 0x0000000081800000| PB 0x0000000081800000| Complete 
|  25|0x0000000081900000, 0x0000000081a00000, 0x0000000081a00000|100%|HC|  |TAMS 0x0000000081900000| PB 0x0000000081900000| Complete 
|  26|0x0000000081a00000, 0x0000000081b00000, 0x0000000081b00000|100%|HC|  |TAMS 0x0000000081a00000| PB 0x0000000081a00000| Complete 
|  27|0x0000000081b00000, 0x0000000081c00000, 0x0000000081c00000|100%|HC|  |TAMS 0x0000000081b00000| PB 0x0000000081b00000| Complete 
|  28|0x0000000081c00000, 0x0000000081d00000, 0x0000000081d00000|100%|HS|  |TAMS 0x0000000081c00000| PB 0x0000000081c00000| Complete 
|  29|0x0000000081d00000, 0x0000000081e00000, 0x0000000081e00000|100%|HC|  |TAMS 0x0000000081d00000| PB 0x0000000081d00000| Complete 
|  30|0x0000000081e00000, 0x0000000081f00000, 0x0000000081f00000|100%|HS|  |TAMS 0x0000000081e00000| PB 0x0000000081e00000| Complete 
|  31|0x0000000081f00000, 0x0000000082000000, 0x0000000082000000|100%|HS|  |TAMS 0x0000000081f00000| PB 0x0000000081f00000| Complete 
|  32|0x0000000082000000, 0x0000000082100000, 0x0000000082100000|100%|HC|  |TAMS 0x0000000082000000| PB 0x0000000082000000| Complete 
|  33|0x0000000082100000, 0x0000000082200000, 0x0000000082200000|100%|HC|  |TAMS 0x0000000082100000| PB 0x0000000082100000| Complete 
|  34|0x0000000082200000, 0x0000000082300000, 0x0000000082300000|100%|HC|  |TAMS 0x0000000082200000| PB 0x0000000082200000| Complete 
|  35|0x0000000082300000, 0x0000000082400000, 0x0000000082400000|100%|HC|  |TAMS 0x0000000082300000| PB 0x0000000082300000| Complete 
|  36|0x0000000082400000, 0x0000000082500000, 0x0000000082500000|100%|HC|  |TAMS 0x0000000082400000| PB 0x0000000082400000| Complete 
|  37|0x0000000082500000, 0x0000000082600000, 0x0000000082600000|100%|HS|  |TAMS 0x0000000082500000| PB 0x0000000082500000| Complete 
|  38|0x0000000082600000, 0x0000000082700000, 0x0000000082700000|100%|HC|  |TAMS 0x0000000082600000| PB 0x0000000082600000| Complete 
|  39|0x0000000082700000, 0x0000000082800000, 0x0000000082800000|100%|HS|  |TAMS 0x0000000082700000| PB 0x0000000082700000| Complete 
|  40|0x0000000082800000, 0x0000000082900000, 0x0000000082900000|100%| O|  |TAMS 0x0000000082800000| PB 0x0000000082800000| Untracked 
|  41|0x0000000082900000, 0x0000000082a00000, 0x0000000082a00000|100%| O|  |TAMS 0x0000000082900000| PB 0x0000000082900000| Untracked 
|  42|0x0000000082a00000, 0x0000000082b00000, 0x0000000082b00000|100%| O|  |TAMS 0x0000000082a00000| PB 0x0000000082a00000| Untracked 
|  43|0x0000000082b00000, 0x0000000082c00000, 0x0000000082c00000|100%| O|  |TAMS 0x0000000082b00000| PB 0x0000000082b00000| Untracked 
|  44|0x0000000082c00000, 0x0000000082d00000, 0x0000000082d00000|100%| O|  |TAMS 0x0000000082c00000| PB 0x0000000082c00000| Untracked 
|  45|0x0000000082d00000, 0x0000000082e00000, 0x0000000082e00000|100%| O|  |TAMS 0x0000000082d00000| PB 0x0000000082d00000| Untracked 
|  46|0x0000000082e00000, 0x0000000082f00000, 0x0000000082f00000|100%| O|  |TAMS 0x0000000082e00000| PB 0x0000000082e00000| Untracked 
|  47|0x0000000082f00000, 0x0000000083000000, 0x0000000083000000|100%| O|  |TAMS 0x0000000082f00000| PB 0x0000000082f00000| Untracked 
|  48|0x0000000083000000, 0x0000000083100000, 0x0000000083100000|100%| O|  |TAMS 0x0000000083000000| PB 0x0000000083000000| Untracked 
|  49|0x0000000083100000, 0x0000000083200000, 0x0000000083200000|100%| O|  |TAMS 0x0000000083100000| PB 0x0000000083100000| Untracked 
|  50|0x0000000083200000, 0x0000000083300000, 0x0000000083300000|100%| O|  |TAMS 0x0000000083200000| PB 0x0000000083200000| Untracked 
|  51|0x0000000083300000, 0x0000000083400000, 0x0000000083400000|100%| O|  |TAMS 0x0000000083300000| PB 0x0000000083300000| Untracked 
|  52|0x0000000083400000, 0x0000000083500000, 0x0000000083500000|100%| O|  |TAMS 0x0000000083400000| PB 0x0000000083400000| Untracked 
|  53|0x0000000083500000, 0x0000000083600000, 0x0000000083600000|100%| O|  |TAMS 0x0000000083500000| PB 0x0000000083500000| Untracked 
|  54|0x0000000083600000, 0x0000000083700000, 0x0000000083700000|100%| O|  |TAMS 0x0000000083600000| PB 0x0000000083600000| Untracked 
|  55|0x0000000083700000, 0x0000000083800000, 0x0000000083800000|100%| O|  |TAMS 0x0000000083700000| PB 0x0000000083700000| Untracked 
|  56|0x0000000083800000, 0x0000000083900000, 0x0000000083900000|100%| O|  |TAMS 0x0000000083800000| PB 0x0000000083800000| Untracked 
|  57|0x0000000083900000, 0x0000000083a00000, 0x0000000083a00000|100%| O|  |TAMS 0x0000000083900000| PB 0x0000000083900000| Untracked 
|  58|0x0000000083a00000, 0x0000000083b00000, 0x0000000083b00000|100%| O|  |TAMS 0x0000000083a00000| PB 0x0000000083a00000| Untracked 
|  59|0x0000000083b00000, 0x0000000083c00000, 0x0000000083c00000|100%| O|  |TAMS 0x0000000083b00000| PB 0x0000000083b00000| Untracked 
|  60|0x0000000083c00000, 0x0000000083d00000, 0x0000000083d00000|100%| O|  |TAMS 0x0000000083c00000| PB 0x0000000083c00000| Untracked 
|  61|0x0000000083d00000, 0x0000000083e00000, 0x0000000083e00000|100%| O|  |TAMS 0x0000000083d00000| PB 0x0000000083d00000| Untracked 
|  62|0x0000000083e00000, 0x0000000083f00000, 0x0000000083f00000|100%| O|  |TAMS 0x0000000083e00000| PB 0x0000000083e00000| Untracked 
|  63|0x0000000083f00000, 0x0000000084000000, 0x0000000084000000|100%| O|  |TAMS 0x0000000083f00000| PB 0x0000000083f00000| Untracked 
|  64|0x0000000084000000, 0x0000000084100000, 0x0000000084100000|100%| O|  |TAMS 0x0000000084000000| PB 0x0000000084000000| Untracked 
|  65|0x0000000084100000, 0x0000000084200000, 0x0000000084200000|100%| O|  |TAMS 0x0000000084100000| PB 0x0000000084100000| Untracked 
|  66|0x0000000084200000, 0x0000000084300000, 0x0000000084300000|100%|HS|  |TAMS 0x0000000084200000| PB 0x0000000084200000| Complete 
|  67|0x0000000084300000, 0x0000000084400000, 0x0000000084400000|100%|HC|  |TAMS 0x0000000084300000| PB 0x0000000084300000| Complete 
|  68|0x0000000084400000, 0x0000000084500000, 0x0000000084500000|100%| O|  |TAMS 0x0000000084400000| PB 0x0000000084400000| Untracked 
|  69|0x0000000084500000, 0x0000000084600000, 0x0000000084600000|100%| O|  |TAMS 0x0000000084500000| PB 0x0000000084500000| Untracked 
|  70|0x0000000084600000, 0x0000000084700000, 0x0000000084700000|100%| O|  |TAMS 0x0000000084600000| PB 0x0000000084600000| Untracked 
|  71|0x0000000084700000, 0x0000000084800000, 0x0000000084800000|100%| O|  |TAMS 0x0000000084700000| PB 0x0000000084700000| Untracked 
|  72|0x0000000084800000, 0x0000000084900000, 0x0000000084900000|100%| O|  |TAMS 0x0000000084800000| PB 0x0000000084800000| Untracked 
|  73|0x0000000084900000, 0x0000000084a00000, 0x0000000084a00000|100%| O|  |TAMS 0x0000000084900000| PB 0x0000000084900000| Untracked 
|  74|0x0000000084a00000, 0x0000000084b00000, 0x0000000084b00000|100%| O|  |TAMS 0x0000000084a00000| PB 0x0000000084a00000| Untracked 
|  75|0x0000000084b00000, 0x0000000084c00000, 0x0000000084c00000|100%| O|  |TAMS 0x0000000084b00000| PB 0x0000000084b00000| Untracked 
|  76|0x0000000084c00000, 0x0000000084d00000, 0x0000000084d00000|100%| O|  |TAMS 0x0000000084c00000| PB 0x0000000084c00000| Untracked 
|  77|0x0000000084d00000, 0x0000000084e00000, 0x0000000084e00000|100%| O|  |TAMS 0x0000000084d00000| PB 0x0000000084d00000| Untracked 
|  78|0x0000000084e00000, 0x0000000084f00000, 0x0000000084f00000|100%| O|  |TAMS 0x0000000084e00000| PB 0x0000000084e00000| Untracked 
|  79|0x0000000084f00000, 0x0000000085000000, 0x0000000085000000|100%| O|  |TAMS 0x0000000084f00000| PB 0x0000000084f00000| Untracked 
|  80|0x0000000085000000, 0x0000000085100000, 0x0000000085100000|100%| O|  |TAMS 0x0000000085000000| PB 0x0000000085000000| Untracked 
|  81|0x0000000085100000, 0x0000000085200000, 0x0000000085200000|100%| O|  |TAMS 0x0000000085100000| PB 0x0000000085100000| Untracked 
|  82|0x0000000085200000, 0x0000000085300000, 0x0000000085300000|100%| O|  |TAMS 0x0000000085200000| PB 0x0000000085200000| Untracked 
|  83|0x0000000085300000, 0x0000000085400000, 0x0000000085400000|100%| O|  |TAMS 0x0000000085300000| PB 0x0000000085300000| Untracked 
|  84|0x0000000085400000, 0x0000000085500000, 0x0000000085500000|100%| O|  |TAMS 0x0000000085400000| PB 0x0000000085400000| Untracked 
|  85|0x0000000085500000, 0x0000000085600000, 0x0000000085600000|100%| O|  |TAMS 0x0000000085500000| PB 0x0000000085500000| Untracked 
|  86|0x0000000085600000, 0x0000000085700000, 0x0000000085700000|100%| O|  |TAMS 0x0000000085600000| PB 0x0000000085600000| Untracked 
|  87|0x0000000085700000, 0x0000000085800000, 0x0000000085800000|100%| O|  |TAMS 0x0000000085700000| PB 0x0000000085700000| Untracked 
|  88|0x0000000085800000, 0x0000000085900000, 0x0000000085900000|100%| O|  |TAMS 0x0000000085800000| PB 0x0000000085800000| Untracked 
|  89|0x0000000085900000, 0x0000000085a00000, 0x0000000085a00000|100%| O|  |TAMS 0x0000000085900000| PB 0x0000000085900000| Untracked 
|  90|0x0000000085a00000, 0x0000000085b00000, 0x0000000085b00000|100%| O|  |TAMS 0x0000000085a00000| PB 0x0000000085a00000| Untracked 
|  91|0x0000000085b00000, 0x0000000085c00000, 0x0000000085c00000|100%| O|  |TAMS 0x0000000085b00000| PB 0x0000000085b00000| Untracked 
|  92|0x0000000085c00000, 0x0000000085d00000, 0x0000000085d00000|100%| O|  |TAMS 0x0000000085c00000| PB 0x0000000085c00000| Untracked 
|  93|0x0000000085d00000, 0x0000000085e00000, 0x0000000085e00000|100%| O|  |TAMS 0x0000000085d00000| PB 0x0000000085d00000| Untracked 
|  94|0x0000000085e00000, 0x0000000085f00000, 0x0000000085f00000|100%| O|  |TAMS 0x0000000085e00000| PB 0x0000000085e00000| Untracked 
|  95|0x0000000085f00000, 0x0000000086000000, 0x0000000086000000|100%| O|  |TAMS 0x0000000085f00000| PB 0x0000000085f00000| Untracked 
|  96|0x0000000086000000, 0x0000000086100000, 0x0000000086100000|100%| O|  |TAMS 0x0000000086000000| PB 0x0000000086000000| Untracked 
|  97|0x0000000086100000, 0x0000000086200000, 0x0000000086200000|100%| O|  |TAMS 0x0000000086100000| PB 0x0000000086100000| Untracked 
|  98|0x0000000086200000, 0x0000000086300000, 0x0000000086300000|100%| O|  |TAMS 0x0000000086200000| PB 0x0000000086200000| Untracked 
|  99|0x0000000086300000, 0x0000000086400000, 0x0000000086400000|100%| O|  |TAMS 0x0000000086300000| PB 0x0000000086300000| Untracked 
| 100|0x0000000086400000, 0x0000000086500000, 0x0000000086500000|100%| O|  |TAMS 0x0000000086400000| PB 0x0000000086400000| Untracked 
| 101|0x0000000086500000, 0x0000000086600000, 0x0000000086600000|100%| O|  |TAMS 0x0000000086500000| PB 0x0000000086500000| Untracked 
| 102|0x0000000086600000, 0x0000000086700000, 0x0000000086700000|100%| O|  |TAMS 0x0000000086600000| PB 0x0000000086600000| Untracked 
| 103|0x0000000086700000, 0x0000000086800000, 0x0000000086800000|100%| O|  |TAMS 0x0000000086700000| PB 0x0000000086700000| Untracked 
| 104|0x0000000086800000, 0x0000000086900000, 0x0000000086900000|100%| O|  |TAMS 0x0000000086800000| PB 0x0000000086800000| Untracked 
| 105|0x0000000086900000, 0x0000000086a00000, 0x0000000086a00000|100%| O|  |TAMS 0x0000000086900000| PB 0x0000000086900000| Untracked 
| 106|0x0000000086a00000, 0x0000000086b00000, 0x0000000086b00000|100%| O|  |TAMS 0x0000000086a00000| PB 0x0000000086a00000| Untracked 
| 107|0x0000000086b00000, 0x0000000086c00000, 0x0000000086c00000|100%| O|  |TAMS 0x0000000086b00000| PB 0x0000000086b00000| Untracked 
| 108|0x0000000086c00000, 0x0000000086d00000, 0x0000000086d00000|100%| O|  |TAMS 0x0000000086c00000| PB 0x0000000086c00000| Untracked 
| 109|0x0000000086d00000, 0x0000000086e00000, 0x0000000086e00000|100%| O|  |TAMS 0x0000000086d00000| PB 0x0000000086d00000| Untracked 
| 110|0x0000000086e00000, 0x0000000086f00000, 0x0000000086f00000|100%| O|  |TAMS 0x0000000086e00000| PB 0x0000000086e00000| Untracked 
| 111|0x0000000086f00000, 0x0000000087000000, 0x0000000087000000|100%| O|  |TAMS 0x0000000086f00000| PB 0x0000000086f00000| Untracked 
| 112|0x0000000087000000, 0x0000000087100000, 0x0000000087100000|100%| O|  |TAMS 0x0000000087000000| PB 0x0000000087000000| Untracked 
| 113|0x0000000087100000, 0x0000000087200000, 0x0000000087200000|100%| O|  |TAMS 0x0000000087100000| PB 0x0000000087100000| Untracked 
| 114|0x0000000087200000, 0x0000000087300000, 0x0000000087300000|100%| O|  |TAMS 0x0000000087200000| PB 0x0000000087200000| Untracked 
| 115|0x0000000087300000, 0x0000000087400000, 0x0000000087400000|100%| O|  |TAMS 0x0000000087300000| PB 0x0000000087300000| Untracked 
| 116|0x0000000087400000, 0x0000000087500000, 0x0000000087500000|100%| O|  |TAMS 0x0000000087400000| PB 0x0000000087400000| Untracked 
| 117|0x0000000087500000, 0x0000000087600000, 0x0000000087600000|100%| O|  |TAMS 0x0000000087500000| PB 0x0000000087500000| Untracked 
| 118|0x0000000087600000, 0x0000000087700000, 0x0000000087700000|100%| O|  |TAMS 0x0000000087600000| PB 0x0000000087600000| Untracked 
| 119|0x0000000087700000, 0x0000000087800000, 0x0000000087800000|100%| O|  |TAMS 0x0000000087700000| PB 0x0000000087700000| Untracked 
| 120|0x0000000087800000, 0x0000000087900000, 0x0000000087900000|100%| O|  |TAMS 0x0000000087800000| PB 0x0000000087800000| Untracked 
| 121|0x0000000087900000, 0x0000000087a00000, 0x0000000087a00000|100%| O|  |TAMS 0x0000000087900000| PB 0x0000000087900000| Untracked 
| 122|0x0000000087a00000, 0x0000000087b00000, 0x0000000087b00000|100%| O|  |TAMS 0x0000000087a00000| PB 0x0000000087a00000| Untracked 
| 123|0x0000000087b00000, 0x0000000087c00000, 0x0000000087c00000|100%| O|  |TAMS 0x0000000087b00000| PB 0x0000000087b00000| Untracked 
| 124|0x0000000087c00000, 0x0000000087d00000, 0x0000000087d00000|100%|HS|  |TAMS 0x0000000087c00000| PB 0x0000000087c00000| Complete 
| 125|0x0000000087d00000, 0x0000000087e00000, 0x0000000087e00000|100%|HS|  |TAMS 0x0000000087d00000| PB 0x0000000087d00000| Complete 
| 126|0x0000000087e00000, 0x0000000087f00000, 0x0000000087f00000|100%|HS|  |TAMS 0x0000000087e00000| PB 0x0000000087e00000| Complete 
| 127|0x0000000087f00000, 0x0000000088000000, 0x0000000088000000|100%| O|  |TAMS 0x0000000087f00000| PB 0x0000000087f00000| Untracked 
| 128|0x0000000088000000, 0x0000000088100000, 0x0000000088100000|100%| O|  |TAMS 0x0000000088000000| PB 0x0000000088000000| Untracked 
| 129|0x0000000088100000, 0x0000000088200000, 0x0000000088200000|100%| O|  |TAMS 0x0000000088100000| PB 0x0000000088100000| Untracked 
| 130|0x0000000088200000, 0x0000000088300000, 0x0000000088300000|100%| O|  |TAMS 0x0000000088200000| PB 0x0000000088200000| Untracked 
| 131|0x0000000088300000, 0x0000000088400000, 0x0000000088400000|100%| O|  |TAMS 0x0000000088300000| PB 0x0000000088300000| Untracked 
| 132|0x0000000088400000, 0x0000000088500000, 0x0000000088500000|100%| O|  |TAMS 0x0000000088400000| PB 0x0000000088400000| Untracked 
| 133|0x0000000088500000, 0x0000000088600000, 0x0000000088600000|100%| O|  |TAMS 0x0000000088500000| PB 0x0000000088500000| Untracked 
| 134|0x0000000088600000, 0x0000000088700000, 0x0000000088700000|100%| O|  |TAMS 0x0000000088600000| PB 0x0000000088600000| Untracked 
| 135|0x0000000088700000, 0x0000000088800000, 0x0000000088800000|100%| O|  |TAMS 0x0000000088700000| PB 0x0000000088700000| Untracked 
| 136|0x0000000088800000, 0x0000000088900000, 0x0000000088900000|100%| O|  |TAMS 0x0000000088800000| PB 0x0000000088800000| Untracked 
| 137|0x0000000088900000, 0x0000000088a00000, 0x0000000088a00000|100%| O|  |TAMS 0x0000000088900000| PB 0x0000000088900000| Untracked 
| 138|0x0000000088a00000, 0x0000000088b00000, 0x0000000088b00000|100%| O|  |TAMS 0x0000000088a00000| PB 0x0000000088a00000| Untracked 
| 139|0x0000000088b00000, 0x0000000088c00000, 0x0000000088c00000|100%| O|  |TAMS 0x0000000088b00000| PB 0x0000000088b00000| Untracked 
| 140|0x0000000088c00000, 0x0000000088d00000, 0x0000000088d00000|100%| O|  |TAMS 0x0000000088c00000| PB 0x0000000088c00000| Untracked 
| 141|0x0000000088d00000, 0x0000000088e00000, 0x0000000088e00000|100%| O|  |TAMS 0x0000000088d00000| PB 0x0000000088d00000| Untracked 
| 142|0x0000000088e00000, 0x0000000088f00000, 0x0000000088f00000|100%| O|  |TAMS 0x0000000088e00000| PB 0x0000000088e00000| Untracked 
| 143|0x0000000088f00000, 0x0000000089000000, 0x0000000089000000|100%| O|  |TAMS 0x0000000088f00000| PB 0x0000000088f00000| Untracked 
| 144|0x0000000089000000, 0x0000000089100000, 0x0000000089100000|100%| O|  |TAMS 0x0000000089000000| PB 0x0000000089000000| Untracked 
| 145|0x0000000089100000, 0x0000000089200000, 0x0000000089200000|100%| O|  |TAMS 0x0000000089100000| PB 0x0000000089100000| Untracked 
| 146|0x0000000089200000, 0x0000000089300000, 0x0000000089300000|100%| O|  |TAMS 0x0000000089200000| PB 0x0000000089200000| Untracked 
| 147|0x0000000089300000, 0x0000000089400000, 0x0000000089400000|100%|HS|  |TAMS 0x0000000089300000| PB 0x0000000089300000| Complete 
| 148|0x0000000089400000, 0x0000000089500000, 0x0000000089500000|100%|HC|  |TAMS 0x0000000089400000| PB 0x0000000089400000| Complete 
| 149|0x0000000089500000, 0x0000000089600000, 0x0000000089600000|100%|HS|  |TAMS 0x0000000089500000| PB 0x0000000089500000| Complete 
| 150|0x0000000089600000, 0x0000000089700000, 0x0000000089700000|100%| O|  |TAMS 0x0000000089600000| PB 0x0000000089600000| Untracked 
| 151|0x0000000089700000, 0x0000000089800000, 0x0000000089800000|100%| O|  |TAMS 0x0000000089700000| PB 0x0000000089700000| Untracked 
| 152|0x0000000089800000, 0x0000000089900000, 0x0000000089900000|100%| O|  |TAMS 0x0000000089800000| PB 0x0000000089800000| Untracked 
| 153|0x0000000089900000, 0x0000000089a00000, 0x0000000089a00000|100%| O|  |TAMS 0x0000000089900000| PB 0x0000000089900000| Untracked 
| 154|0x0000000089a00000, 0x0000000089b00000, 0x0000000089b00000|100%| O|  |TAMS 0x0000000089a00000| PB 0x0000000089a00000| Untracked 
| 155|0x0000000089b00000, 0x0000000089c00000, 0x0000000089c00000|100%| O|  |TAMS 0x0000000089b00000| PB 0x0000000089b00000| Untracked 
| 156|0x0000000089c00000, 0x0000000089d00000, 0x0000000089d00000|100%| O|  |TAMS 0x0000000089c00000| PB 0x0000000089c00000| Untracked 
| 157|0x0000000089d00000, 0x0000000089e00000, 0x0000000089e00000|100%| O|  |TAMS 0x0000000089d00000| PB 0x0000000089d00000| Untracked 
| 158|0x0000000089e00000, 0x0000000089f00000, 0x0000000089f00000|100%| O|  |TAMS 0x0000000089e00000| PB 0x0000000089e00000| Untracked 
| 159|0x0000000089f00000, 0x000000008a000000, 0x000000008a000000|100%| O|  |TAMS 0x0000000089f00000| PB 0x0000000089f00000| Untracked 
| 160|0x000000008a000000, 0x000000008a100000, 0x000000008a100000|100%| O|  |TAMS 0x000000008a000000| PB 0x000000008a000000| Untracked 
| 161|0x000000008a100000, 0x000000008a200000, 0x000000008a200000|100%| O|  |TAMS 0x000000008a100000| PB 0x000000008a100000| Untracked 
| 162|0x000000008a200000, 0x000000008a300000, 0x000000008a300000|100%| O|  |TAMS 0x000000008a200000| PB 0x000000008a200000| Untracked 
| 163|0x000000008a300000, 0x000000008a400000, 0x000000008a400000|100%| O|  |TAMS 0x000000008a300000| PB 0x000000008a300000| Untracked 
| 164|0x000000008a400000, 0x000000008a500000, 0x000000008a500000|100%| O|  |TAMS 0x000000008a400000| PB 0x000000008a400000| Untracked 
| 165|0x000000008a500000, 0x000000008a600000, 0x000000008a600000|100%| O|  |TAMS 0x000000008a500000| PB 0x000000008a500000| Untracked 
| 166|0x000000008a600000, 0x000000008a700000, 0x000000008a700000|100%| O|  |TAMS 0x000000008a600000| PB 0x000000008a600000| Untracked 
| 167|0x000000008a700000, 0x000000008a800000, 0x000000008a800000|100%| O|  |TAMS 0x000000008a700000| PB 0x000000008a700000| Untracked 
| 168|0x000000008a800000, 0x000000008a81a000, 0x000000008a900000| 10%| O|  |TAMS 0x000000008a800000| PB 0x000000008a800000| Untracked 
| 169|0x000000008a900000, 0x000000008aa00000, 0x000000008aa00000|100%|HS|  |TAMS 0x000000008a900000| PB 0x000000008a900000| Complete 
| 170|0x000000008aa00000, 0x000000008ab00000, 0x000000008ab00000|100%|HS|  |TAMS 0x000000008aa00000| PB 0x000000008aa00000| Complete 
| 171|0x000000008ab00000, 0x000000008ac00000, 0x000000008ac00000|100%|HS|  |TAMS 0x000000008ab00000| PB 0x000000008ab00000| Complete 
| 172|0x000000008ac00000, 0x000000008ad00000, 0x000000008ad00000|100%|HC|  |TAMS 0x000000008ac00000| PB 0x000000008ac00000| Complete 
| 173|0x000000008ad00000, 0x000000008ae00000, 0x000000008ae00000|100%|HS|  |TAMS 0x000000008ad00000| PB 0x000000008ad00000| Complete 
| 174|0x000000008ae00000, 0x000000008af00000, 0x000000008af00000|100%|HS|  |TAMS 0x000000008ae00000| PB 0x000000008ae00000| Complete 
| 175|0x000000008af00000, 0x000000008b000000, 0x000000008b000000|100%|HS|  |TAMS 0x000000008af00000| PB 0x000000008af00000| Complete 
| 176|0x000000008b000000, 0x000000008b100000, 0x000000008b100000|100%|HC|  |TAMS 0x000000008b000000| PB 0x000000008b000000| Complete 
| 177|0x000000008b100000, 0x000000008b200000, 0x000000008b200000|100%|HC|  |TAMS 0x000000008b100000| PB 0x000000008b100000| Complete 
| 178|0x000000008b200000, 0x000000008b300000, 0x000000008b300000|100%|HS|  |TAMS 0x000000008b200000| PB 0x000000008b200000| Complete 
| 179|0x000000008b300000, 0x000000008b400000, 0x000000008b400000|100%|HS|  |TAMS 0x000000008b300000| PB 0x000000008b300000| Complete 
| 180|0x000000008b400000, 0x000000008b500000, 0x000000008b500000|100%|HC|  |TAMS 0x000000008b400000| PB 0x000000008b400000| Complete 
| 181|0x000000008b500000, 0x000000008b600000, 0x000000008b600000|100%|HC|  |TAMS 0x000000008b500000| PB 0x000000008b500000| Complete 
| 182|0x000000008b600000, 0x000000008b700000, 0x000000008b700000|100%| O|  |TAMS 0x000000008b600000| PB 0x000000008b600000| Untracked 
| 183|0x000000008b700000, 0x000000008b800000, 0x000000008b800000|100%| O|  |TAMS 0x000000008b700000| PB 0x000000008b700000| Untracked 
| 184|0x000000008b800000, 0x000000008b900000, 0x000000008b900000|100%| O|  |TAMS 0x000000008b800000| PB 0x000000008b800000| Untracked 
| 185|0x000000008b900000, 0x000000008ba00000, 0x000000008ba00000|100%| O|  |TAMS 0x000000008b900000| PB 0x000000008b900000| Untracked 
| 186|0x000000008ba00000, 0x000000008bb00000, 0x000000008bb00000|100%| O|  |TAMS 0x000000008ba00000| PB 0x000000008ba00000| Untracked 
| 187|0x000000008bb00000, 0x000000008bc00000, 0x000000008bc00000|100%| O|  |TAMS 0x000000008bb00000| PB 0x000000008bb00000| Untracked 
| 188|0x000000008bc00000, 0x000000008bd00000, 0x000000008bd00000|100%| O|  |TAMS 0x000000008bc00000| PB 0x000000008bc00000| Untracked 
| 189|0x000000008bd00000, 0x000000008be00000, 0x000000008be00000|100%| O|  |TAMS 0x000000008bd00000| PB 0x000000008bd00000| Untracked 
| 190|0x000000008be00000, 0x000000008bf00000, 0x000000008bf00000|100%| O|  |TAMS 0x000000008be00000| PB 0x000000008be00000| Untracked 
| 191|0x000000008bf00000, 0x000000008c000000, 0x000000008c000000|100%| O|  |TAMS 0x000000008bf00000| PB 0x000000008bf00000| Untracked 
| 192|0x000000008c000000, 0x000000008c100000, 0x000000008c100000|100%| O|  |TAMS 0x000000008c000000| PB 0x000000008c000000| Untracked 
| 193|0x000000008c100000, 0x000000008c200000, 0x000000008c200000|100%| O|  |TAMS 0x000000008c100000| PB 0x000000008c100000| Untracked 
| 194|0x000000008c200000, 0x000000008c300000, 0x000000008c300000|100%| O|  |TAMS 0x000000008c200000| PB 0x000000008c200000| Untracked 
| 195|0x000000008c300000, 0x000000008c400000, 0x000000008c400000|100%| O|  |TAMS 0x000000008c300000| PB 0x000000008c300000| Untracked 
| 196|0x000000008c400000, 0x000000008c500000, 0x000000008c500000|100%| O|  |TAMS 0x000000008c400000| PB 0x000000008c400000| Untracked 
| 197|0x000000008c500000, 0x000000008c600000, 0x000000008c600000|100%| O|  |TAMS 0x000000008c500000| PB 0x000000008c500000| Untracked 
| 198|0x000000008c600000, 0x000000008c700000, 0x000000008c700000|100%| O|  |TAMS 0x000000008c600000| PB 0x000000008c600000| Untracked 
| 199|0x000000008c700000, 0x000000008c800000, 0x000000008c800000|100%| O|  |TAMS 0x000000008c700000| PB 0x000000008c700000| Untracked 
| 200|0x000000008c800000, 0x000000008c900000, 0x000000008c900000|100%| O|  |TAMS 0x000000008c800000| PB 0x000000008c800000| Untracked 
| 201|0x000000008c900000, 0x000000008ca00000, 0x000000008ca00000|100%| O|  |TAMS 0x000000008c900000| PB 0x000000008c900000| Untracked 
| 202|0x000000008ca00000, 0x000000008cb00000, 0x000000008cb00000|100%| O|  |TAMS 0x000000008ca00000| PB 0x000000008ca00000| Untracked 
| 203|0x000000008cb00000, 0x000000008cc00000, 0x000000008cc00000|100%| O|  |TAMS 0x000000008cb00000| PB 0x000000008cb00000| Untracked 
| 204|0x000000008cc00000, 0x000000008cd00000, 0x000000008cd00000|100%| O|  |TAMS 0x000000008cc00000| PB 0x000000008cc00000| Untracked 
| 205|0x000000008cd00000, 0x000000008ce00000, 0x000000008ce00000|100%| O|  |TAMS 0x000000008cd00000| PB 0x000000008cd00000| Untracked 
| 206|0x000000008ce00000, 0x000000008cf00000, 0x000000008cf00000|100%| O|  |TAMS 0x000000008ce00000| PB 0x000000008ce00000| Untracked 
| 207|0x000000008cf00000, 0x000000008cf00000, 0x000000008d000000|  0%| F|  |TAMS 0x000000008cf00000| PB 0x000000008cf00000| Untracked 
| 208|0x000000008d000000, 0x000000008d100000, 0x000000008d100000|100%|HS|  |TAMS 0x000000008d000000| PB 0x000000008d000000| Complete 
| 209|0x000000008d100000, 0x000000008d100000, 0x000000008d200000|  0%| F|  |TAMS 0x000000008d100000| PB 0x000000008d100000| Untracked 
| 210|0x000000008d200000, 0x000000008d200000, 0x000000008d300000|  0%| F|  |TAMS 0x000000008d200000| PB 0x000000008d200000| Untracked 
| 211|0x000000008d300000, 0x000000008d300000, 0x000000008d400000|  0%| F|  |TAMS 0x000000008d300000| PB 0x000000008d300000| Untracked 
| 212|0x000000008d400000, 0x000000008d400000, 0x000000008d500000|  0%| F|  |TAMS 0x000000008d400000| PB 0x000000008d400000| Untracked 
| 213|0x000000008d500000, 0x000000008d500000, 0x000000008d600000|  0%| F|  |TAMS 0x000000008d500000| PB 0x000000008d500000| Untracked 
| 214|0x000000008d600000, 0x000000008d600000, 0x000000008d700000|  0%| F|  |TAMS 0x000000008d600000| PB 0x000000008d600000| Untracked 
| 215|0x000000008d700000, 0x000000008d700000, 0x000000008d800000|  0%| F|  |TAMS 0x000000008d700000| PB 0x000000008d700000| Untracked 
| 216|0x000000008d800000, 0x000000008d800000, 0x000000008d900000|  0%| F|  |TAMS 0x000000008d800000| PB 0x000000008d800000| Untracked 
| 217|0x000000008d900000, 0x000000008d900000, 0x000000008da00000|  0%| F|  |TAMS 0x000000008d900000| PB 0x000000008d900000| Untracked 
| 218|0x000000008da00000, 0x000000008da00000, 0x000000008db00000|  0%| F|  |TAMS 0x000000008da00000| PB 0x000000008da00000| Untracked 
| 219|0x000000008db00000, 0x000000008db00000, 0x000000008dc00000|  0%| F|  |TAMS 0x000000008db00000| PB 0x000000008db00000| Untracked 
| 220|0x000000008dc00000, 0x000000008dc00000, 0x000000008dd00000|  0%| F|  |TAMS 0x000000008dc00000| PB 0x000000008dc00000| Untracked 
| 221|0x000000008dd00000, 0x000000008dd00000, 0x000000008de00000|  0%| F|  |TAMS 0x000000008dd00000| PB 0x000000008dd00000| Untracked 
| 222|0x000000008de00000, 0x000000008de00000, 0x000000008df00000|  0%| F|  |TAMS 0x000000008de00000| PB 0x000000008de00000| Untracked 
| 223|0x000000008df00000, 0x000000008df00000, 0x000000008e000000|  0%| F|  |TAMS 0x000000008df00000| PB 0x000000008df00000| Untracked 
| 224|0x000000008e000000, 0x000000008e000000, 0x000000008e100000|  0%| F|  |TAMS 0x000000008e000000| PB 0x000000008e000000| Untracked 
| 225|0x000000008e100000, 0x000000008e100000, 0x000000008e200000|  0%| F|  |TAMS 0x000000008e100000| PB 0x000000008e100000| Untracked 
| 226|0x000000008e200000, 0x000000008e200000, 0x000000008e300000|  0%| F|  |TAMS 0x000000008e200000| PB 0x000000008e200000| Untracked 
| 227|0x000000008e300000, 0x000000008e300000, 0x000000008e400000|  0%| F|  |TAMS 0x000000008e300000| PB 0x000000008e300000| Untracked 
| 228|0x000000008e400000, 0x000000008e400000, 0x000000008e500000|  0%| F|  |TAMS 0x000000008e400000| PB 0x000000008e400000| Untracked 
| 229|0x000000008e500000, 0x000000008e500000, 0x000000008e600000|  0%| F|  |TAMS 0x000000008e500000| PB 0x000000008e500000| Untracked 
| 230|0x000000008e600000, 0x000000008e600000, 0x000000008e700000|  0%| F|  |TAMS 0x000000008e600000| PB 0x000000008e600000| Untracked 
| 231|0x000000008e700000, 0x000000008e700000, 0x000000008e800000|  0%| F|  |TAMS 0x000000008e700000| PB 0x000000008e700000| Untracked 
| 232|0x000000008e800000, 0x000000008e800000, 0x000000008e900000|  0%| F|  |TAMS 0x000000008e800000| PB 0x000000008e800000| Untracked 
| 233|0x000000008e900000, 0x000000008e900000, 0x000000008ea00000|  0%| F|  |TAMS 0x000000008e900000| PB 0x000000008e900000| Untracked 
| 234|0x000000008ea00000, 0x000000008ea00000, 0x000000008eb00000|  0%| F|  |TAMS 0x000000008ea00000| PB 0x000000008ea00000| Untracked 
| 235|0x000000008eb00000, 0x000000008eb00000, 0x000000008ec00000|  0%| F|  |TAMS 0x000000008eb00000| PB 0x000000008eb00000| Untracked 
| 236|0x000000008ec00000, 0x000000008ec00000, 0x000000008ed00000|  0%| F|  |TAMS 0x000000008ec00000| PB 0x000000008ec00000| Untracked 
| 237|0x000000008ed00000, 0x000000008ed00000, 0x000000008ee00000|  0%| F|  |TAMS 0x000000008ed00000| PB 0x000000008ed00000| Untracked 
| 238|0x000000008ee00000, 0x000000008ee00000, 0x000000008ef00000|  0%| F|  |TAMS 0x000000008ee00000| PB 0x000000008ee00000| Untracked 
| 239|0x000000008ef00000, 0x000000008ef00000, 0x000000008f000000|  0%| F|  |TAMS 0x000000008ef00000| PB 0x000000008ef00000| Untracked 
| 240|0x000000008f000000, 0x000000008f000000, 0x000000008f100000|  0%| F|  |TAMS 0x000000008f000000| PB 0x000000008f000000| Untracked 
| 241|0x000000008f100000, 0x000000008f100000, 0x000000008f200000|  0%| F|  |TAMS 0x000000008f100000| PB 0x000000008f100000| Untracked 
| 242|0x000000008f200000, 0x000000008f200000, 0x000000008f300000|  0%| F|  |TAMS 0x000000008f200000| PB 0x000000008f200000| Untracked 
| 243|0x000000008f300000, 0x000000008f300000, 0x000000008f400000|  0%| F|  |TAMS 0x000000008f300000| PB 0x000000008f300000| Untracked 
| 244|0x000000008f400000, 0x000000008f400000, 0x000000008f500000|  0%| F|  |TAMS 0x000000008f400000| PB 0x000000008f400000| Untracked 
| 245|0x000000008f500000, 0x000000008f500000, 0x000000008f600000|  0%| F|  |TAMS 0x000000008f500000| PB 0x000000008f500000| Untracked 
| 246|0x000000008f600000, 0x000000008f600000, 0x000000008f700000|  0%| F|  |TAMS 0x000000008f600000| PB 0x000000008f600000| Untracked 
| 247|0x000000008f700000, 0x000000008f700000, 0x000000008f800000|  0%| F|  |TAMS 0x000000008f700000| PB 0x000000008f700000| Untracked 
| 248|0x000000008f800000, 0x000000008f800000, 0x000000008f900000|  0%| F|  |TAMS 0x000000008f800000| PB 0x000000008f800000| Untracked 
| 249|0x000000008f900000, 0x000000008f900000, 0x000000008fa00000|  0%| F|  |TAMS 0x000000008f900000| PB 0x000000008f900000| Untracked 
| 250|0x000000008fa00000, 0x000000008fa00000, 0x000000008fb00000|  0%| F|  |TAMS 0x000000008fa00000| PB 0x000000008fa00000| Untracked 
| 251|0x000000008fb00000, 0x000000008fb00000, 0x000000008fc00000|  0%| F|  |TAMS 0x000000008fb00000| PB 0x000000008fb00000| Untracked 
| 252|0x000000008fc00000, 0x000000008fc00000, 0x000000008fd00000|  0%| F|  |TAMS 0x000000008fc00000| PB 0x000000008fc00000| Untracked 
| 253|0x000000008fd00000, 0x000000008fd00000, 0x000000008fe00000|  0%| F|  |TAMS 0x000000008fd00000| PB 0x000000008fd00000| Untracked 
| 254|0x000000008fe00000, 0x000000008fe00000, 0x000000008ff00000|  0%| F|  |TAMS 0x000000008fe00000| PB 0x000000008fe00000| Untracked 
| 255|0x000000008ff00000, 0x000000008ff00000, 0x0000000090000000|  0%| F|  |TAMS 0x000000008ff00000| PB 0x000000008ff00000| Untracked 
| 256|0x0000000090000000, 0x0000000090000000, 0x0000000090100000|  0%| F|  |TAMS 0x0000000090000000| PB 0x0000000090000000| Untracked 
| 257|0x0000000090100000, 0x0000000090100000, 0x0000000090200000|  0%| F|  |TAMS 0x0000000090100000| PB 0x0000000090100000| Untracked 
| 258|0x0000000090200000, 0x0000000090200000, 0x0000000090300000|  0%| F|  |TAMS 0x0000000090200000| PB 0x0000000090200000| Untracked 
| 259|0x0000000090300000, 0x0000000090300000, 0x0000000090400000|  0%| F|  |TAMS 0x0000000090300000| PB 0x0000000090300000| Untracked 
| 260|0x0000000090400000, 0x0000000090400000, 0x0000000090500000|  0%| F|  |TAMS 0x0000000090400000| PB 0x0000000090400000| Untracked 
| 261|0x0000000090500000, 0x0000000090500000, 0x0000000090600000|  0%| F|  |TAMS 0x0000000090500000| PB 0x0000000090500000| Untracked 
| 262|0x0000000090600000, 0x0000000090600000, 0x0000000090700000|  0%| F|  |TAMS 0x0000000090600000| PB 0x0000000090600000| Untracked 
| 263|0x0000000090700000, 0x0000000090700000, 0x0000000090800000|  0%| F|  |TAMS 0x0000000090700000| PB 0x0000000090700000| Untracked 
| 264|0x0000000090800000, 0x0000000090800000, 0x0000000090900000|  0%| F|  |TAMS 0x0000000090800000| PB 0x0000000090800000| Untracked 
| 265|0x0000000090900000, 0x0000000090900000, 0x0000000090a00000|  0%| F|  |TAMS 0x0000000090900000| PB 0x0000000090900000| Untracked 
| 266|0x0000000090a00000, 0x0000000090a00000, 0x0000000090b00000|  0%| F|  |TAMS 0x0000000090a00000| PB 0x0000000090a00000| Untracked 
| 267|0x0000000090b00000, 0x0000000090b00000, 0x0000000090c00000|  0%| F|  |TAMS 0x0000000090b00000| PB 0x0000000090b00000| Untracked 
| 268|0x0000000090c00000, 0x0000000090c00000, 0x0000000090d00000|  0%| F|  |TAMS 0x0000000090c00000| PB 0x0000000090c00000| Untracked 
| 269|0x0000000090d00000, 0x0000000090d00000, 0x0000000090e00000|  0%| F|  |TAMS 0x0000000090d00000| PB 0x0000000090d00000| Untracked 
| 270|0x0000000090e00000, 0x0000000090e00000, 0x0000000090f00000|  0%| F|  |TAMS 0x0000000090e00000| PB 0x0000000090e00000| Untracked 
| 271|0x0000000090f00000, 0x0000000090f00000, 0x0000000091000000|  0%| F|  |TAMS 0x0000000090f00000| PB 0x0000000090f00000| Untracked 
| 272|0x0000000091000000, 0x0000000091000000, 0x0000000091100000|  0%| F|  |TAMS 0x0000000091000000| PB 0x0000000091000000| Untracked 
| 273|0x0000000091100000, 0x0000000091100000, 0x0000000091200000|  0%| F|  |TAMS 0x0000000091100000| PB 0x0000000091100000| Untracked 
| 274|0x0000000091200000, 0x0000000091200000, 0x0000000091300000|  0%| F|  |TAMS 0x0000000091200000| PB 0x0000000091200000| Untracked 
| 275|0x0000000091300000, 0x0000000091300000, 0x0000000091400000|  0%| F|  |TAMS 0x0000000091300000| PB 0x0000000091300000| Untracked 
| 276|0x0000000091400000, 0x0000000091400000, 0x0000000091500000|  0%| F|  |TAMS 0x0000000091400000| PB 0x0000000091400000| Untracked 
| 277|0x0000000091500000, 0x0000000091500000, 0x0000000091600000|  0%| F|  |TAMS 0x0000000091500000| PB 0x0000000091500000| Untracked 
| 278|0x0000000091600000, 0x0000000091600000, 0x0000000091700000|  0%| F|  |TAMS 0x0000000091600000| PB 0x0000000091600000| Untracked 
| 279|0x0000000091700000, 0x0000000091700000, 0x0000000091800000|  0%| F|  |TAMS 0x0000000091700000| PB 0x0000000091700000| Untracked 
| 280|0x0000000091800000, 0x0000000091800000, 0x0000000091900000|  0%| F|  |TAMS 0x0000000091800000| PB 0x0000000091800000| Untracked 
| 281|0x0000000091900000, 0x0000000091900000, 0x0000000091a00000|  0%| F|  |TAMS 0x0000000091900000| PB 0x0000000091900000| Untracked 
| 282|0x0000000091a00000, 0x0000000091a00000, 0x0000000091b00000|  0%| F|  |TAMS 0x0000000091a00000| PB 0x0000000091a00000| Untracked 
| 283|0x0000000091b00000, 0x0000000091b00000, 0x0000000091c00000|  0%| F|  |TAMS 0x0000000091b00000| PB 0x0000000091b00000| Untracked 
| 284|0x0000000091c00000, 0x0000000091c00000, 0x0000000091d00000|  0%| F|  |TAMS 0x0000000091c00000| PB 0x0000000091c00000| Untracked 
| 285|0x0000000091d00000, 0x0000000091d00000, 0x0000000091e00000|  0%| F|  |TAMS 0x0000000091d00000| PB 0x0000000091d00000| Untracked 
| 286|0x0000000091e00000, 0x0000000091e00000, 0x0000000091f00000|  0%| F|  |TAMS 0x0000000091e00000| PB 0x0000000091e00000| Untracked 
| 287|0x0000000091f00000, 0x0000000091f00000, 0x0000000092000000|  0%| F|  |TAMS 0x0000000091f00000| PB 0x0000000091f00000| Untracked 
| 288|0x0000000092000000, 0x0000000092000000, 0x0000000092100000|  0%| F|  |TAMS 0x0000000092000000| PB 0x0000000092000000| Untracked 
| 289|0x0000000092100000, 0x0000000092100000, 0x0000000092200000|  0%| F|  |TAMS 0x0000000092100000| PB 0x0000000092100000| Untracked 
| 290|0x0000000092200000, 0x0000000092200000, 0x0000000092300000|  0%| F|  |TAMS 0x0000000092200000| PB 0x0000000092200000| Untracked 
| 291|0x0000000092300000, 0x0000000092300000, 0x0000000092400000|  0%| F|  |TAMS 0x0000000092300000| PB 0x0000000092300000| Untracked 
| 292|0x0000000092400000, 0x0000000092400000, 0x0000000092500000|  0%| F|  |TAMS 0x0000000092400000| PB 0x0000000092400000| Untracked 
| 293|0x0000000092500000, 0x0000000092500000, 0x0000000092600000|  0%| F|  |TAMS 0x0000000092500000| PB 0x0000000092500000| Untracked 
| 294|0x0000000092600000, 0x0000000092600000, 0x0000000092700000|  0%| F|  |TAMS 0x0000000092600000| PB 0x0000000092600000| Untracked 
| 295|0x0000000092700000, 0x0000000092700000, 0x0000000092800000|  0%| F|  |TAMS 0x0000000092700000| PB 0x0000000092700000| Untracked 
| 296|0x0000000092800000, 0x0000000092800000, 0x0000000092900000|  0%| F|  |TAMS 0x0000000092800000| PB 0x0000000092800000| Untracked 
| 297|0x0000000092900000, 0x0000000092900000, 0x0000000092a00000|  0%| F|  |TAMS 0x0000000092900000| PB 0x0000000092900000| Untracked 
| 298|0x0000000092a00000, 0x0000000092a00000, 0x0000000092b00000|  0%| F|  |TAMS 0x0000000092a00000| PB 0x0000000092a00000| Untracked 
| 299|0x0000000092b00000, 0x0000000092b00000, 0x0000000092c00000|  0%| F|  |TAMS 0x0000000092b00000| PB 0x0000000092b00000| Untracked 
| 300|0x0000000092c00000, 0x0000000092c00000, 0x0000000092d00000|  0%| F|  |TAMS 0x0000000092c00000| PB 0x0000000092c00000| Untracked 
| 301|0x0000000092d00000, 0x0000000092d00000, 0x0000000092e00000|  0%| F|  |TAMS 0x0000000092d00000| PB 0x0000000092d00000| Untracked 
| 302|0x0000000092e00000, 0x0000000092e00000, 0x0000000092f00000|  0%| F|  |TAMS 0x0000000092e00000| PB 0x0000000092e00000| Untracked 
| 303|0x0000000092f00000, 0x0000000092f00000, 0x0000000093000000|  0%| F|  |TAMS 0x0000000092f00000| PB 0x0000000092f00000| Untracked 
| 304|0x0000000093000000, 0x0000000093000000, 0x0000000093100000|  0%| F|  |TAMS 0x0000000093000000| PB 0x0000000093000000| Untracked 
| 305|0x0000000093100000, 0x0000000093100000, 0x0000000093200000|  0%| F|  |TAMS 0x0000000093100000| PB 0x0000000093100000| Untracked 
| 306|0x0000000093200000, 0x0000000093200000, 0x0000000093300000|  0%| F|  |TAMS 0x0000000093200000| PB 0x0000000093200000| Untracked 
| 307|0x0000000093300000, 0x0000000093300000, 0x0000000093400000|  0%| F|  |TAMS 0x0000000093300000| PB 0x0000000093300000| Untracked 
| 308|0x0000000093400000, 0x0000000093400000, 0x0000000093500000|  0%| F|  |TAMS 0x0000000093400000| PB 0x0000000093400000| Untracked 
| 309|0x0000000093500000, 0x0000000093500000, 0x0000000093600000|  0%| F|  |TAMS 0x0000000093500000| PB 0x0000000093500000| Untracked 
| 310|0x0000000093600000, 0x0000000093600000, 0x0000000093700000|  0%| F|  |TAMS 0x0000000093600000| PB 0x0000000093600000| Untracked 
| 311|0x0000000093700000, 0x0000000093700000, 0x0000000093800000|  0%| F|  |TAMS 0x0000000093700000| PB 0x0000000093700000| Untracked 
| 312|0x0000000093800000, 0x0000000093800000, 0x0000000093900000|  0%| F|  |TAMS 0x0000000093800000| PB 0x0000000093800000| Untracked 
| 313|0x0000000093900000, 0x0000000093900000, 0x0000000093a00000|  0%| F|  |TAMS 0x0000000093900000| PB 0x0000000093900000| Untracked 
| 314|0x0000000093a00000, 0x0000000093a00000, 0x0000000093b00000|  0%| F|  |TAMS 0x0000000093a00000| PB 0x0000000093a00000| Untracked 
| 315|0x0000000093b00000, 0x0000000093b00000, 0x0000000093c00000|  0%| F|  |TAMS 0x0000000093b00000| PB 0x0000000093b00000| Untracked 
| 316|0x0000000093c00000, 0x0000000093c00000, 0x0000000093d00000|  0%| F|  |TAMS 0x0000000093c00000| PB 0x0000000093c00000| Untracked 
| 317|0x0000000093d00000, 0x0000000093d00000, 0x0000000093e00000|  0%| F|  |TAMS 0x0000000093d00000| PB 0x0000000093d00000| Untracked 
| 318|0x0000000093e00000, 0x0000000093e00000, 0x0000000093f00000|  0%| F|  |TAMS 0x0000000093e00000| PB 0x0000000093e00000| Untracked 
| 319|0x0000000093f00000, 0x0000000093f00000, 0x0000000094000000|  0%| F|  |TAMS 0x0000000093f00000| PB 0x0000000093f00000| Untracked 
| 320|0x0000000094000000, 0x0000000094000000, 0x0000000094100000|  0%| F|  |TAMS 0x0000000094000000| PB 0x0000000094000000| Untracked 
| 321|0x0000000094100000, 0x0000000094100000, 0x0000000094200000|  0%| F|  |TAMS 0x0000000094100000| PB 0x0000000094100000| Untracked 
| 322|0x0000000094200000, 0x0000000094200000, 0x0000000094300000|  0%| F|  |TAMS 0x0000000094200000| PB 0x0000000094200000| Untracked 
| 323|0x0000000094300000, 0x0000000094300000, 0x0000000094400000|  0%| F|  |TAMS 0x0000000094300000| PB 0x0000000094300000| Untracked 
| 324|0x0000000094400000, 0x0000000094400000, 0x0000000094500000|  0%| F|  |TAMS 0x0000000094400000| PB 0x0000000094400000| Untracked 
| 325|0x0000000094500000, 0x0000000094500000, 0x0000000094600000|  0%| F|  |TAMS 0x0000000094500000| PB 0x0000000094500000| Untracked 
| 326|0x0000000094600000, 0x0000000094600000, 0x0000000094700000|  0%| F|  |TAMS 0x0000000094600000| PB 0x0000000094600000| Untracked 
| 327|0x0000000094700000, 0x0000000094700000, 0x0000000094800000|  0%| F|  |TAMS 0x0000000094700000| PB 0x0000000094700000| Untracked 
| 328|0x0000000094800000, 0x0000000094800000, 0x0000000094900000|  0%| F|  |TAMS 0x0000000094800000| PB 0x0000000094800000| Untracked 
| 329|0x0000000094900000, 0x0000000094900000, 0x0000000094a00000|  0%| F|  |TAMS 0x0000000094900000| PB 0x0000000094900000| Untracked 
| 330|0x0000000094a00000, 0x0000000094a00000, 0x0000000094b00000|  0%| F|  |TAMS 0x0000000094a00000| PB 0x0000000094a00000| Untracked 
| 331|0x0000000094b00000, 0x0000000094b00000, 0x0000000094c00000|  0%| F|  |TAMS 0x0000000094b00000| PB 0x0000000094b00000| Untracked 
| 332|0x0000000094c00000, 0x0000000094c00000, 0x0000000094d00000|  0%| F|  |TAMS 0x0000000094c00000| PB 0x0000000094c00000| Untracked 
| 333|0x0000000094d00000, 0x0000000094d00000, 0x0000000094e00000|  0%| F|  |TAMS 0x0000000094d00000| PB 0x0000000094d00000| Untracked 
| 334|0x0000000094e00000, 0x0000000094e00000, 0x0000000094f00000|  0%| F|  |TAMS 0x0000000094e00000| PB 0x0000000094e00000| Untracked 
| 335|0x0000000094f00000, 0x0000000094f00000, 0x0000000095000000|  0%| F|  |TAMS 0x0000000094f00000| PB 0x0000000094f00000| Untracked 
| 336|0x0000000095000000, 0x0000000095000000, 0x0000000095100000|  0%| F|  |TAMS 0x0000000095000000| PB 0x0000000095000000| Untracked 
| 337|0x0000000095100000, 0x0000000095100000, 0x0000000095200000|  0%| F|  |TAMS 0x0000000095100000| PB 0x0000000095100000| Untracked 
| 338|0x0000000095200000, 0x0000000095200000, 0x0000000095300000|  0%| F|  |TAMS 0x0000000095200000| PB 0x0000000095200000| Untracked 
| 339|0x0000000095300000, 0x0000000095300000, 0x0000000095400000|  0%| F|  |TAMS 0x0000000095300000| PB 0x0000000095300000| Untracked 
| 340|0x0000000095400000, 0x0000000095400000, 0x0000000095500000|  0%| F|  |TAMS 0x0000000095400000| PB 0x0000000095400000| Untracked 
| 341|0x0000000095500000, 0x0000000095500000, 0x0000000095600000|  0%| F|  |TAMS 0x0000000095500000| PB 0x0000000095500000| Untracked 
| 342|0x0000000095600000, 0x0000000095600000, 0x0000000095700000|  0%| F|  |TAMS 0x0000000095600000| PB 0x0000000095600000| Untracked 
| 343|0x0000000095700000, 0x0000000095700000, 0x0000000095800000|  0%| F|  |TAMS 0x0000000095700000| PB 0x0000000095700000| Untracked 
| 344|0x0000000095800000, 0x0000000095800000, 0x0000000095900000|  0%| F|  |TAMS 0x0000000095800000| PB 0x0000000095800000| Untracked 
| 345|0x0000000095900000, 0x0000000095900000, 0x0000000095a00000|  0%| F|  |TAMS 0x0000000095900000| PB 0x0000000095900000| Untracked 
| 346|0x0000000095a00000, 0x0000000095a00000, 0x0000000095b00000|  0%| F|  |TAMS 0x0000000095a00000| PB 0x0000000095a00000| Untracked 
| 347|0x0000000095b00000, 0x0000000095b00000, 0x0000000095c00000|  0%| F|  |TAMS 0x0000000095b00000| PB 0x0000000095b00000| Untracked 
| 348|0x0000000095c00000, 0x0000000095c00000, 0x0000000095d00000|  0%| F|  |TAMS 0x0000000095c00000| PB 0x0000000095c00000| Untracked 
| 349|0x0000000095d00000, 0x0000000095d00000, 0x0000000095e00000|  0%| F|  |TAMS 0x0000000095d00000| PB 0x0000000095d00000| Untracked 
| 350|0x0000000095e00000, 0x0000000095e00000, 0x0000000095f00000|  0%| F|  |TAMS 0x0000000095e00000| PB 0x0000000095e00000| Untracked 
| 351|0x0000000095f00000, 0x0000000095f00000, 0x0000000096000000|  0%| F|  |TAMS 0x0000000095f00000| PB 0x0000000095f00000| Untracked 
| 352|0x0000000096000000, 0x0000000096000000, 0x0000000096100000|  0%| F|  |TAMS 0x0000000096000000| PB 0x0000000096000000| Untracked 
| 353|0x0000000096100000, 0x0000000096100000, 0x0000000096200000|  0%| F|  |TAMS 0x0000000096100000| PB 0x0000000096100000| Untracked 
| 354|0x0000000096200000, 0x0000000096200000, 0x0000000096300000|  0%| F|  |TAMS 0x0000000096200000| PB 0x0000000096200000| Untracked 
| 355|0x0000000096300000, 0x0000000096300000, 0x0000000096400000|  0%| F|  |TAMS 0x0000000096300000| PB 0x0000000096300000| Untracked 
| 356|0x0000000096400000, 0x0000000096400000, 0x0000000096500000|  0%| F|  |TAMS 0x0000000096400000| PB 0x0000000096400000| Untracked 
| 357|0x0000000096500000, 0x0000000096500000, 0x0000000096600000|  0%| F|  |TAMS 0x0000000096500000| PB 0x0000000096500000| Untracked 
| 358|0x0000000096600000, 0x0000000096600000, 0x0000000096700000|  0%| F|  |TAMS 0x0000000096600000| PB 0x0000000096600000| Untracked 
| 359|0x0000000096700000, 0x0000000096700000, 0x0000000096800000|  0%| F|  |TAMS 0x0000000096700000| PB 0x0000000096700000| Untracked 
| 360|0x0000000096800000, 0x0000000096800000, 0x0000000096900000|  0%| F|  |TAMS 0x0000000096800000| PB 0x0000000096800000| Untracked 
| 361|0x0000000096900000, 0x0000000096900000, 0x0000000096a00000|  0%| F|  |TAMS 0x0000000096900000| PB 0x0000000096900000| Untracked 
| 362|0x0000000096a00000, 0x0000000096a00000, 0x0000000096b00000|  0%| F|  |TAMS 0x0000000096a00000| PB 0x0000000096a00000| Untracked 
| 363|0x0000000096b00000, 0x0000000096b00000, 0x0000000096c00000|  0%| F|  |TAMS 0x0000000096b00000| PB 0x0000000096b00000| Untracked 
| 364|0x0000000096c00000, 0x0000000096c00000, 0x0000000096d00000|  0%| F|  |TAMS 0x0000000096c00000| PB 0x0000000096c00000| Untracked 
| 365|0x0000000096d00000, 0x0000000096d00000, 0x0000000096e00000|  0%| F|  |TAMS 0x0000000096d00000| PB 0x0000000096d00000| Untracked 
| 366|0x0000000096e00000, 0x0000000096e00000, 0x0000000096f00000|  0%| F|  |TAMS 0x0000000096e00000| PB 0x0000000096e00000| Untracked 
| 367|0x0000000096f00000, 0x0000000096f00000, 0x0000000097000000|  0%| F|  |TAMS 0x0000000096f00000| PB 0x0000000096f00000| Untracked 
| 368|0x0000000097000000, 0x0000000097000000, 0x0000000097100000|  0%| F|  |TAMS 0x0000000097000000| PB 0x0000000097000000| Untracked 
| 369|0x0000000097100000, 0x0000000097100000, 0x0000000097200000|  0%| F|  |TAMS 0x0000000097100000| PB 0x0000000097100000| Untracked 
| 370|0x0000000097200000, 0x00000000972623a0, 0x0000000097300000| 38%| S|CS|TAMS 0x0000000097200000| PB 0x0000000097200000| Complete 
| 371|0x0000000097300000, 0x0000000097400000, 0x0000000097400000|100%| S|CS|TAMS 0x0000000097300000| PB 0x0000000097300000| Complete 
| 372|0x0000000097400000, 0x0000000097500000, 0x0000000097500000|100%| S|CS|TAMS 0x0000000097400000| PB 0x0000000097400000| Complete 
| 373|0x0000000097500000, 0x0000000097600000, 0x0000000097600000|100%| S|CS|TAMS 0x0000000097500000| PB 0x0000000097500000| Complete 
| 374|0x0000000097600000, 0x0000000097700000, 0x0000000097700000|100%| S|CS|TAMS 0x0000000097600000| PB 0x0000000097600000| Complete 
| 375|0x0000000097700000, 0x0000000097800000, 0x0000000097800000|100%| S|CS|TAMS 0x0000000097700000| PB 0x0000000097700000| Complete 
| 376|0x0000000097800000, 0x0000000097900000, 0x0000000097900000|100%| S|CS|TAMS 0x0000000097800000| PB 0x0000000097800000| Complete 
| 377|0x0000000097900000, 0x0000000097a00000, 0x0000000097a00000|100%| S|CS|TAMS 0x0000000097900000| PB 0x0000000097900000| Complete 
| 378|0x0000000097a00000, 0x0000000097b00000, 0x0000000097b00000|100%| S|CS|TAMS 0x0000000097a00000| PB 0x0000000097a00000| Complete 
| 379|0x0000000097b00000, 0x0000000097c00000, 0x0000000097c00000|100%| S|CS|TAMS 0x0000000097b00000| PB 0x0000000097b00000| Complete 
| 380|0x0000000097c00000, 0x0000000097d00000, 0x0000000097d00000|100%| S|CS|TAMS 0x0000000097c00000| PB 0x0000000097c00000| Complete 
| 381|0x0000000097d00000, 0x0000000097e00000, 0x0000000097e00000|100%| S|CS|TAMS 0x0000000097d00000| PB 0x0000000097d00000| Complete 
| 382|0x0000000097e00000, 0x0000000097f00000, 0x0000000097f00000|100%| S|CS|TAMS 0x0000000097e00000| PB 0x0000000097e00000| Complete 
| 383|0x0000000097f00000, 0x0000000098000000, 0x0000000098000000|100%| S|CS|TAMS 0x0000000097f00000| PB 0x0000000097f00000| Complete 
| 384|0x0000000098000000, 0x0000000098100000, 0x0000000098100000|100%| S|CS|TAMS 0x0000000098000000| PB 0x0000000098000000| Complete 
| 385|0x0000000098100000, 0x0000000098200000, 0x0000000098200000|100%| S|CS|TAMS 0x0000000098100000| PB 0x0000000098100000| Complete 
| 386|0x0000000098200000, 0x0000000098300000, 0x0000000098300000|100%| S|CS|TAMS 0x0000000098200000| PB 0x0000000098200000| Complete 
| 387|0x0000000098300000, 0x0000000098400000, 0x0000000098400000|100%| S|CS|TAMS 0x0000000098300000| PB 0x0000000098300000| Complete 
| 388|0x0000000098400000, 0x0000000098500000, 0x0000000098500000|100%| S|CS|TAMS 0x0000000098400000| PB 0x0000000098400000| Complete 
| 389|0x0000000098500000, 0x0000000098600000, 0x0000000098600000|100%| S|CS|TAMS 0x0000000098500000| PB 0x0000000098500000| Complete 
| 390|0x0000000098600000, 0x0000000098700000, 0x0000000098700000|100%| S|CS|TAMS 0x0000000098600000| PB 0x0000000098600000| Complete 
| 391|0x0000000098700000, 0x0000000098800000, 0x0000000098800000|100%| S|CS|TAMS 0x0000000098700000| PB 0x0000000098700000| Complete 
| 392|0x0000000098800000, 0x0000000098900000, 0x0000000098900000|100%| S|CS|TAMS 0x0000000098800000| PB 0x0000000098800000| Complete 
| 393|0x0000000098900000, 0x0000000098a00000, 0x0000000098a00000|100%| S|CS|TAMS 0x0000000098900000| PB 0x0000000098900000| Complete 
| 394|0x0000000098a00000, 0x0000000098b00000, 0x0000000098b00000|100%| S|CS|TAMS 0x0000000098a00000| PB 0x0000000098a00000| Complete 
| 395|0x0000000098b00000, 0x0000000098c00000, 0x0000000098c00000|100%| S|CS|TAMS 0x0000000098b00000| PB 0x0000000098b00000| Complete 
| 396|0x0000000098c00000, 0x0000000098d00000, 0x0000000098d00000|100%| S|CS|TAMS 0x0000000098c00000| PB 0x0000000098c00000| Complete 
| 397|0x0000000098d00000, 0x0000000098e00000, 0x0000000098e00000|100%| S|CS|TAMS 0x0000000098d00000| PB 0x0000000098d00000| Complete 
| 398|0x0000000098e00000, 0x0000000098f00000, 0x0000000098f00000|100%| S|CS|TAMS 0x0000000098e00000| PB 0x0000000098e00000| Complete 
| 399|0x0000000098f00000, 0x0000000099000000, 0x0000000099000000|100%| S|CS|TAMS 0x0000000098f00000| PB 0x0000000098f00000| Complete 
| 400|0x0000000099000000, 0x0000000099100000, 0x0000000099100000|100%| S|CS|TAMS 0x0000000099000000| PB 0x0000000099000000| Complete 
| 401|0x0000000099100000, 0x0000000099200000, 0x0000000099200000|100%| S|CS|TAMS 0x0000000099100000| PB 0x0000000099100000| Complete 
| 402|0x0000000099200000, 0x0000000099300000, 0x0000000099300000|100%| S|CS|TAMS 0x0000000099200000| PB 0x0000000099200000| Complete 
| 403|0x0000000099300000, 0x0000000099300000, 0x0000000099400000|  0%| F|  |TAMS 0x0000000099300000| PB 0x0000000099300000| Untracked 
| 404|0x0000000099400000, 0x0000000099400000, 0x0000000099500000|  0%| F|  |TAMS 0x0000000099400000| PB 0x0000000099400000| Untracked 
| 405|0x0000000099500000, 0x0000000099500000, 0x0000000099600000|  0%| F|  |TAMS 0x0000000099500000| PB 0x0000000099500000| Untracked 
| 406|0x0000000099600000, 0x0000000099600000, 0x0000000099700000|  0%| F|  |TAMS 0x0000000099600000| PB 0x0000000099600000| Untracked 
| 407|0x0000000099700000, 0x0000000099700000, 0x0000000099800000|  0%| F|  |TAMS 0x0000000099700000| PB 0x0000000099700000| Untracked 
| 408|0x0000000099800000, 0x0000000099800000, 0x0000000099900000|  0%| F|  |TAMS 0x0000000099800000| PB 0x0000000099800000| Untracked 
| 409|0x0000000099900000, 0x0000000099900000, 0x0000000099a00000|  0%| F|  |TAMS 0x0000000099900000| PB 0x0000000099900000| Untracked 
| 410|0x0000000099a00000, 0x0000000099a00000, 0x0000000099b00000|  0%| F|  |TAMS 0x0000000099a00000| PB 0x0000000099a00000| Untracked 
| 411|0x0000000099b00000, 0x0000000099b00000, 0x0000000099c00000|  0%| F|  |TAMS 0x0000000099b00000| PB 0x0000000099b00000| Untracked 
| 412|0x0000000099c00000, 0x0000000099c00000, 0x0000000099d00000|  0%| F|  |TAMS 0x0000000099c00000| PB 0x0000000099c00000| Untracked 
| 413|0x0000000099d00000, 0x0000000099d00000, 0x0000000099e00000|  0%| F|  |TAMS 0x0000000099d00000| PB 0x0000000099d00000| Untracked 
| 414|0x0000000099e00000, 0x0000000099e00000, 0x0000000099f00000|  0%| F|  |TAMS 0x0000000099e00000| PB 0x0000000099e00000| Untracked 
| 415|0x0000000099f00000, 0x0000000099f00000, 0x000000009a000000|  0%| F|  |TAMS 0x0000000099f00000| PB 0x0000000099f00000| Untracked 
| 416|0x000000009a000000, 0x000000009a000000, 0x000000009a100000|  0%| F|  |TAMS 0x000000009a000000| PB 0x000000009a000000| Untracked 
| 417|0x000000009a100000, 0x000000009a100000, 0x000000009a200000|  0%| F|  |TAMS 0x000000009a100000| PB 0x000000009a100000| Untracked 
| 418|0x000000009a200000, 0x000000009a200000, 0x000000009a300000|  0%| F|  |TAMS 0x000000009a200000| PB 0x000000009a200000| Untracked 
| 419|0x000000009a300000, 0x000000009a300000, 0x000000009a400000|  0%| F|  |TAMS 0x000000009a300000| PB 0x000000009a300000| Untracked 
| 420|0x000000009a400000, 0x000000009a400000, 0x000000009a500000|  0%| F|  |TAMS 0x000000009a400000| PB 0x000000009a400000| Untracked 
| 421|0x000000009a500000, 0x000000009a500000, 0x000000009a600000|  0%| F|  |TAMS 0x000000009a500000| PB 0x000000009a500000| Untracked 
| 422|0x000000009a600000, 0x000000009a600000, 0x000000009a700000|  0%| F|  |TAMS 0x000000009a600000| PB 0x000000009a600000| Untracked 
| 423|0x000000009a700000, 0x000000009a700000, 0x000000009a800000|  0%| F|  |TAMS 0x000000009a700000| PB 0x000000009a700000| Untracked 
| 424|0x000000009a800000, 0x000000009a800000, 0x000000009a900000|  0%| F|  |TAMS 0x000000009a800000| PB 0x000000009a800000| Untracked 
| 425|0x000000009a900000, 0x000000009a900000, 0x000000009aa00000|  0%| F|  |TAMS 0x000000009a900000| PB 0x000000009a900000| Untracked 
| 426|0x000000009aa00000, 0x000000009aa00000, 0x000000009ab00000|  0%| F|  |TAMS 0x000000009aa00000| PB 0x000000009aa00000| Untracked 
| 427|0x000000009ab00000, 0x000000009ab00000, 0x000000009ac00000|  0%| F|  |TAMS 0x000000009ab00000| PB 0x000000009ab00000| Untracked 
| 428|0x000000009ac00000, 0x000000009ac00000, 0x000000009ad00000|  0%| F|  |TAMS 0x000000009ac00000| PB 0x000000009ac00000| Untracked 
| 429|0x000000009ad00000, 0x000000009ad00000, 0x000000009ae00000|  0%| F|  |TAMS 0x000000009ad00000| PB 0x000000009ad00000| Untracked 
| 430|0x000000009ae00000, 0x000000009ae00000, 0x000000009af00000|  0%| F|  |TAMS 0x000000009ae00000| PB 0x000000009ae00000| Untracked 
| 431|0x000000009af00000, 0x000000009af00000, 0x000000009b000000|  0%| F|  |TAMS 0x000000009af00000| PB 0x000000009af00000| Untracked 
| 432|0x000000009b000000, 0x000000009b000000, 0x000000009b100000|  0%| F|  |TAMS 0x000000009b000000| PB 0x000000009b000000| Untracked 
| 433|0x000000009b100000, 0x000000009b100000, 0x000000009b200000|  0%| F|  |TAMS 0x000000009b100000| PB 0x000000009b100000| Untracked 
| 434|0x000000009b200000, 0x000000009b200000, 0x000000009b300000|  0%| F|  |TAMS 0x000000009b200000| PB 0x000000009b200000| Untracked 
| 435|0x000000009b300000, 0x000000009b300000, 0x000000009b400000|  0%| F|  |TAMS 0x000000009b300000| PB 0x000000009b300000| Untracked 
| 436|0x000000009b400000, 0x000000009b400000, 0x000000009b500000|  0%| F|  |TAMS 0x000000009b400000| PB 0x000000009b400000| Untracked 
| 437|0x000000009b500000, 0x000000009b500000, 0x000000009b600000|  0%| F|  |TAMS 0x000000009b500000| PB 0x000000009b500000| Untracked 
| 438|0x000000009b600000, 0x000000009b600000, 0x000000009b700000|  0%| F|  |TAMS 0x000000009b600000| PB 0x000000009b600000| Untracked 
| 439|0x000000009b700000, 0x000000009b700000, 0x000000009b800000|  0%| F|  |TAMS 0x000000009b700000| PB 0x000000009b700000| Untracked 
| 440|0x000000009b800000, 0x000000009b800000, 0x000000009b900000|  0%| F|  |TAMS 0x000000009b800000| PB 0x000000009b800000| Untracked 
| 441|0x000000009b900000, 0x000000009b900000, 0x000000009ba00000|  0%| F|  |TAMS 0x000000009b900000| PB 0x000000009b900000| Untracked 
| 442|0x000000009ba00000, 0x000000009ba00000, 0x000000009bb00000|  0%| F|  |TAMS 0x000000009ba00000| PB 0x000000009ba00000| Untracked 
| 443|0x000000009bb00000, 0x000000009bb00000, 0x000000009bc00000|  0%| F|  |TAMS 0x000000009bb00000| PB 0x000000009bb00000| Untracked 
| 444|0x000000009bc00000, 0x000000009bc00000, 0x000000009bd00000|  0%| F|  |TAMS 0x000000009bc00000| PB 0x000000009bc00000| Untracked 
| 445|0x000000009bd00000, 0x000000009bd00000, 0x000000009be00000|  0%| F|  |TAMS 0x000000009bd00000| PB 0x000000009bd00000| Untracked 
| 446|0x000000009be00000, 0x000000009be00000, 0x000000009bf00000|  0%| F|  |TAMS 0x000000009be00000| PB 0x000000009be00000| Untracked 
| 447|0x000000009bf00000, 0x000000009bf00000, 0x000000009c000000|  0%| F|  |TAMS 0x000000009bf00000| PB 0x000000009bf00000| Untracked 
| 448|0x000000009c000000, 0x000000009c000000, 0x000000009c100000|  0%| F|  |TAMS 0x000000009c000000| PB 0x000000009c000000| Untracked 
| 449|0x000000009c100000, 0x000000009c100000, 0x000000009c200000|  0%| F|  |TAMS 0x000000009c100000| PB 0x000000009c100000| Untracked 
| 450|0x000000009c200000, 0x000000009c200000, 0x000000009c300000|  0%| F|  |TAMS 0x000000009c200000| PB 0x000000009c200000| Untracked 
| 451|0x000000009c300000, 0x000000009c300000, 0x000000009c400000|  0%| F|  |TAMS 0x000000009c300000| PB 0x000000009c300000| Untracked 
| 452|0x000000009c400000, 0x000000009c400000, 0x000000009c500000|  0%| F|  |TAMS 0x000000009c400000| PB 0x000000009c400000| Untracked 
| 453|0x000000009c500000, 0x000000009c500000, 0x000000009c600000|  0%| F|  |TAMS 0x000000009c500000| PB 0x000000009c500000| Untracked 
| 454|0x000000009c600000, 0x000000009c600000, 0x000000009c700000|  0%| F|  |TAMS 0x000000009c600000| PB 0x000000009c600000| Untracked 
| 455|0x000000009c700000, 0x000000009c700000, 0x000000009c800000|  0%| F|  |TAMS 0x000000009c700000| PB 0x000000009c700000| Untracked 
| 456|0x000000009c800000, 0x000000009c800000, 0x000000009c900000|  0%| F|  |TAMS 0x000000009c800000| PB 0x000000009c800000| Untracked 
| 457|0x000000009c900000, 0x000000009c900000, 0x000000009ca00000|  0%| F|  |TAMS 0x000000009c900000| PB 0x000000009c900000| Untracked 
| 458|0x000000009ca00000, 0x000000009ca00000, 0x000000009cb00000|  0%| F|  |TAMS 0x000000009ca00000| PB 0x000000009ca00000| Untracked 
| 459|0x000000009cb00000, 0x000000009cb00000, 0x000000009cc00000|  0%| F|  |TAMS 0x000000009cb00000| PB 0x000000009cb00000| Untracked 
| 460|0x000000009cc00000, 0x000000009cc00000, 0x000000009cd00000|  0%| F|  |TAMS 0x000000009cc00000| PB 0x000000009cc00000| Untracked 
| 461|0x000000009cd00000, 0x000000009cd00000, 0x000000009ce00000|  0%| F|  |TAMS 0x000000009cd00000| PB 0x000000009cd00000| Untracked 
| 462|0x000000009ce00000, 0x000000009ce00000, 0x000000009cf00000|  0%| F|  |TAMS 0x000000009ce00000| PB 0x000000009ce00000| Untracked 
| 463|0x000000009cf00000, 0x000000009cf00000, 0x000000009d000000|  0%| F|  |TAMS 0x000000009cf00000| PB 0x000000009cf00000| Untracked 
| 464|0x000000009d000000, 0x000000009d000000, 0x000000009d100000|  0%| F|  |TAMS 0x000000009d000000| PB 0x000000009d000000| Untracked 
| 465|0x000000009d100000, 0x000000009d100000, 0x000000009d200000|  0%| F|  |TAMS 0x000000009d100000| PB 0x000000009d100000| Untracked 
| 466|0x000000009d200000, 0x000000009d200000, 0x000000009d300000|  0%| F|  |TAMS 0x000000009d200000| PB 0x000000009d200000| Untracked 
| 467|0x000000009d300000, 0x000000009d300000, 0x000000009d400000|  0%| F|  |TAMS 0x000000009d300000| PB 0x000000009d300000| Untracked 
| 468|0x000000009d400000, 0x000000009d400000, 0x000000009d500000|  0%| F|  |TAMS 0x000000009d400000| PB 0x000000009d400000| Untracked 
| 469|0x000000009d500000, 0x000000009d500000, 0x000000009d600000|  0%| F|  |TAMS 0x000000009d500000| PB 0x000000009d500000| Untracked 
| 470|0x000000009d600000, 0x000000009d600000, 0x000000009d700000|  0%| F|  |TAMS 0x000000009d600000| PB 0x000000009d600000| Untracked 
| 471|0x000000009d700000, 0x000000009d700000, 0x000000009d800000|  0%| F|  |TAMS 0x000000009d700000| PB 0x000000009d700000| Untracked 
| 472|0x000000009d800000, 0x000000009d800000, 0x000000009d900000|  0%| F|  |TAMS 0x000000009d800000| PB 0x000000009d800000| Untracked 
| 473|0x000000009d900000, 0x000000009d900000, 0x000000009da00000|  0%| F|  |TAMS 0x000000009d900000| PB 0x000000009d900000| Untracked 
| 474|0x000000009da00000, 0x000000009da00000, 0x000000009db00000|  0%| F|  |TAMS 0x000000009da00000| PB 0x000000009da00000| Untracked 
| 475|0x000000009db00000, 0x000000009db00000, 0x000000009dc00000|  0%| F|  |TAMS 0x000000009db00000| PB 0x000000009db00000| Untracked 
| 476|0x000000009dc00000, 0x000000009dc00000, 0x000000009dd00000|  0%| F|  |TAMS 0x000000009dc00000| PB 0x000000009dc00000| Untracked 
| 477|0x000000009dd00000, 0x000000009dd00000, 0x000000009de00000|  0%| F|  |TAMS 0x000000009dd00000| PB 0x000000009dd00000| Untracked 
| 478|0x000000009de00000, 0x000000009de00000, 0x000000009df00000|  0%| F|  |TAMS 0x000000009de00000| PB 0x000000009de00000| Untracked 
| 479|0x000000009df00000, 0x000000009df00000, 0x000000009e000000|  0%| F|  |TAMS 0x000000009df00000| PB 0x000000009df00000| Untracked 
| 480|0x000000009e000000, 0x000000009e000000, 0x000000009e100000|  0%| F|  |TAMS 0x000000009e000000| PB 0x000000009e000000| Untracked 
| 481|0x000000009e100000, 0x000000009e100000, 0x000000009e200000|  0%| F|  |TAMS 0x000000009e100000| PB 0x000000009e100000| Untracked 
| 482|0x000000009e200000, 0x000000009e200000, 0x000000009e300000|  0%| F|  |TAMS 0x000000009e200000| PB 0x000000009e200000| Untracked 
| 483|0x000000009e300000, 0x000000009e300000, 0x000000009e400000|  0%| F|  |TAMS 0x000000009e300000| PB 0x000000009e300000| Untracked 
| 484|0x000000009e400000, 0x000000009e400000, 0x000000009e500000|  0%| F|  |TAMS 0x000000009e400000| PB 0x000000009e400000| Untracked 
| 485|0x000000009e500000, 0x000000009e500000, 0x000000009e600000|  0%| F|  |TAMS 0x000000009e500000| PB 0x000000009e500000| Untracked 
| 486|0x000000009e600000, 0x000000009e600000, 0x000000009e700000|  0%| F|  |TAMS 0x000000009e600000| PB 0x000000009e600000| Untracked 
| 487|0x000000009e700000, 0x000000009e700000, 0x000000009e800000|  0%| F|  |TAMS 0x000000009e700000| PB 0x000000009e700000| Untracked 
| 488|0x000000009e800000, 0x000000009e800000, 0x000000009e900000|  0%| F|  |TAMS 0x000000009e800000| PB 0x000000009e800000| Untracked 
| 489|0x000000009e900000, 0x000000009e900000, 0x000000009ea00000|  0%| F|  |TAMS 0x000000009e900000| PB 0x000000009e900000| Untracked 
| 490|0x000000009ea00000, 0x000000009ea00000, 0x000000009eb00000|  0%| F|  |TAMS 0x000000009ea00000| PB 0x000000009ea00000| Untracked 
| 491|0x000000009eb00000, 0x000000009eb00000, 0x000000009ec00000|  0%| F|  |TAMS 0x000000009eb00000| PB 0x000000009eb00000| Untracked 
| 492|0x000000009ec00000, 0x000000009ec00000, 0x000000009ed00000|  0%| F|  |TAMS 0x000000009ec00000| PB 0x000000009ec00000| Untracked 
| 493|0x000000009ed00000, 0x000000009ed00000, 0x000000009ee00000|  0%| F|  |TAMS 0x000000009ed00000| PB 0x000000009ed00000| Untracked 
| 494|0x000000009ee00000, 0x000000009ee00000, 0x000000009ef00000|  0%| F|  |TAMS 0x000000009ee00000| PB 0x000000009ee00000| Untracked 
| 495|0x000000009ef00000, 0x000000009ef00000, 0x000000009f000000|  0%| F|  |TAMS 0x000000009ef00000| PB 0x000000009ef00000| Untracked 
| 496|0x000000009f000000, 0x000000009f000000, 0x000000009f100000|  0%| F|  |TAMS 0x000000009f000000| PB 0x000000009f000000| Untracked 
| 497|0x000000009f100000, 0x000000009f100000, 0x000000009f200000|  0%| F|  |TAMS 0x000000009f100000| PB 0x000000009f100000| Untracked 
| 498|0x000000009f200000, 0x000000009f200000, 0x000000009f300000|  0%| F|  |TAMS 0x000000009f200000| PB 0x000000009f200000| Untracked 
| 499|0x000000009f300000, 0x000000009f300000, 0x000000009f400000|  0%| F|  |TAMS 0x000000009f300000| PB 0x000000009f300000| Untracked 
| 500|0x000000009f400000, 0x000000009f400000, 0x000000009f500000|  0%| F|  |TAMS 0x000000009f400000| PB 0x000000009f400000| Untracked 
| 501|0x000000009f500000, 0x000000009f500000, 0x000000009f600000|  0%| F|  |TAMS 0x000000009f500000| PB 0x000000009f500000| Untracked 
| 502|0x000000009f600000, 0x000000009f600000, 0x000000009f700000|  0%| F|  |TAMS 0x000000009f600000| PB 0x000000009f600000| Untracked 
| 503|0x000000009f700000, 0x000000009f700000, 0x000000009f800000|  0%| F|  |TAMS 0x000000009f700000| PB 0x000000009f700000| Untracked 
| 504|0x000000009f800000, 0x000000009f800000, 0x000000009f900000|  0%| F|  |TAMS 0x000000009f800000| PB 0x000000009f800000| Untracked 
| 505|0x000000009f900000, 0x000000009f900000, 0x000000009fa00000|  0%| F|  |TAMS 0x000000009f900000| PB 0x000000009f900000| Untracked 
| 506|0x000000009fa00000, 0x000000009fa00000, 0x000000009fb00000|  0%| F|  |TAMS 0x000000009fa00000| PB 0x000000009fa00000| Untracked 
| 507|0x000000009fb00000, 0x000000009fb00000, 0x000000009fc00000|  0%| F|  |TAMS 0x000000009fb00000| PB 0x000000009fb00000| Untracked 
| 508|0x000000009fc00000, 0x000000009fc00000, 0x000000009fd00000|  0%| F|  |TAMS 0x000000009fc00000| PB 0x000000009fc00000| Untracked 
| 509|0x000000009fd00000, 0x000000009fd00000, 0x000000009fe00000|  0%| F|  |TAMS 0x000000009fd00000| PB 0x000000009fd00000| Untracked 
| 510|0x000000009fe00000, 0x000000009fe00000, 0x000000009ff00000|  0%| F|  |TAMS 0x000000009fe00000| PB 0x000000009fe00000| Untracked 
| 511|0x000000009ff00000, 0x000000009ff00000, 0x00000000a0000000|  0%| F|  |TAMS 0x000000009ff00000| PB 0x000000009ff00000| Untracked 
| 512|0x00000000a0000000, 0x00000000a0000000, 0x00000000a0100000|  0%| F|  |TAMS 0x00000000a0000000| PB 0x00000000a0000000| Untracked 
| 513|0x00000000a0100000, 0x00000000a0100000, 0x00000000a0200000|  0%| F|  |TAMS 0x00000000a0100000| PB 0x00000000a0100000| Untracked 
| 514|0x00000000a0200000, 0x00000000a0200000, 0x00000000a0300000|  0%| F|  |TAMS 0x00000000a0200000| PB 0x00000000a0200000| Untracked 
| 515|0x00000000a0300000, 0x00000000a0300000, 0x00000000a0400000|  0%| F|  |TAMS 0x00000000a0300000| PB 0x00000000a0300000| Untracked 
| 516|0x00000000a0400000, 0x00000000a0400000, 0x00000000a0500000|  0%| F|  |TAMS 0x00000000a0400000| PB 0x00000000a0400000| Untracked 
| 517|0x00000000a0500000, 0x00000000a0500000, 0x00000000a0600000|  0%| F|  |TAMS 0x00000000a0500000| PB 0x00000000a0500000| Untracked 
| 518|0x00000000a0600000, 0x00000000a0600000, 0x00000000a0700000|  0%| F|  |TAMS 0x00000000a0600000| PB 0x00000000a0600000| Untracked 
| 519|0x00000000a0700000, 0x00000000a0700000, 0x00000000a0800000|  0%| F|  |TAMS 0x00000000a0700000| PB 0x00000000a0700000| Untracked 
| 520|0x00000000a0800000, 0x00000000a0800000, 0x00000000a0900000|  0%| F|  |TAMS 0x00000000a0800000| PB 0x00000000a0800000| Untracked 
| 521|0x00000000a0900000, 0x00000000a0900000, 0x00000000a0a00000|  0%| F|  |TAMS 0x00000000a0900000| PB 0x00000000a0900000| Untracked 
| 522|0x00000000a0a00000, 0x00000000a0a00000, 0x00000000a0b00000|  0%| F|  |TAMS 0x00000000a0a00000| PB 0x00000000a0a00000| Untracked 
| 523|0x00000000a0b00000, 0x00000000a0b00000, 0x00000000a0c00000|  0%| F|  |TAMS 0x00000000a0b00000| PB 0x00000000a0b00000| Untracked 
| 524|0x00000000a0c00000, 0x00000000a0c00000, 0x00000000a0d00000|  0%| F|  |TAMS 0x00000000a0c00000| PB 0x00000000a0c00000| Untracked 
| 525|0x00000000a0d00000, 0x00000000a0d00000, 0x00000000a0e00000|  0%| F|  |TAMS 0x00000000a0d00000| PB 0x00000000a0d00000| Untracked 
| 526|0x00000000a0e00000, 0x00000000a0e00000, 0x00000000a0f00000|  0%| F|  |TAMS 0x00000000a0e00000| PB 0x00000000a0e00000| Untracked 
| 527|0x00000000a0f00000, 0x00000000a0f00000, 0x00000000a1000000|  0%| F|  |TAMS 0x00000000a0f00000| PB 0x00000000a0f00000| Untracked 
| 528|0x00000000a1000000, 0x00000000a1000000, 0x00000000a1100000|  0%| F|  |TAMS 0x00000000a1000000| PB 0x00000000a1000000| Untracked 
| 529|0x00000000a1100000, 0x00000000a1100000, 0x00000000a1200000|  0%| F|  |TAMS 0x00000000a1100000| PB 0x00000000a1100000| Untracked 
| 530|0x00000000a1200000, 0x00000000a1200000, 0x00000000a1300000|  0%| F|  |TAMS 0x00000000a1200000| PB 0x00000000a1200000| Untracked 
| 531|0x00000000a1300000, 0x00000000a1300000, 0x00000000a1400000|  0%| F|  |TAMS 0x00000000a1300000| PB 0x00000000a1300000| Untracked 
| 532|0x00000000a1400000, 0x00000000a1400000, 0x00000000a1500000|  0%| F|  |TAMS 0x00000000a1400000| PB 0x00000000a1400000| Untracked 
| 533|0x00000000a1500000, 0x00000000a1500000, 0x00000000a1600000|  0%| F|  |TAMS 0x00000000a1500000| PB 0x00000000a1500000| Untracked 
| 534|0x00000000a1600000, 0x00000000a1600000, 0x00000000a1700000|  0%| F|  |TAMS 0x00000000a1600000| PB 0x00000000a1600000| Untracked 
| 535|0x00000000a1700000, 0x00000000a1700000, 0x00000000a1800000|  0%| F|  |TAMS 0x00000000a1700000| PB 0x00000000a1700000| Untracked 
| 536|0x00000000a1800000, 0x00000000a1800000, 0x00000000a1900000|  0%| F|  |TAMS 0x00000000a1800000| PB 0x00000000a1800000| Untracked 
| 537|0x00000000a1900000, 0x00000000a1900000, 0x00000000a1a00000|  0%| F|  |TAMS 0x00000000a1900000| PB 0x00000000a1900000| Untracked 
| 538|0x00000000a1a00000, 0x00000000a1a00000, 0x00000000a1b00000|  0%| F|  |TAMS 0x00000000a1a00000| PB 0x00000000a1a00000| Untracked 
| 539|0x00000000a1b00000, 0x00000000a1b00000, 0x00000000a1c00000|  0%| F|  |TAMS 0x00000000a1b00000| PB 0x00000000a1b00000| Untracked 
| 540|0x00000000a1c00000, 0x00000000a1c00000, 0x00000000a1d00000|  0%| F|  |TAMS 0x00000000a1c00000| PB 0x00000000a1c00000| Untracked 
| 541|0x00000000a1d00000, 0x00000000a1d00000, 0x00000000a1e00000|  0%| F|  |TAMS 0x00000000a1d00000| PB 0x00000000a1d00000| Untracked 
| 542|0x00000000a1e00000, 0x00000000a1e00000, 0x00000000a1f00000|  0%| F|  |TAMS 0x00000000a1e00000| PB 0x00000000a1e00000| Untracked 
| 543|0x00000000a1f00000, 0x00000000a1f00000, 0x00000000a2000000|  0%| F|  |TAMS 0x00000000a1f00000| PB 0x00000000a1f00000| Untracked 
| 544|0x00000000a2000000, 0x00000000a2000000, 0x00000000a2100000|  0%| F|  |TAMS 0x00000000a2000000| PB 0x00000000a2000000| Untracked 
| 545|0x00000000a2100000, 0x00000000a2100000, 0x00000000a2200000|  0%| F|  |TAMS 0x00000000a2100000| PB 0x00000000a2100000| Untracked 
| 546|0x00000000a2200000, 0x00000000a2200000, 0x00000000a2300000|  0%| F|  |TAMS 0x00000000a2200000| PB 0x00000000a2200000| Untracked 
| 547|0x00000000a2300000, 0x00000000a2300000, 0x00000000a2400000|  0%| F|  |TAMS 0x00000000a2300000| PB 0x00000000a2300000| Untracked 
| 548|0x00000000a2400000, 0x00000000a2400000, 0x00000000a2500000|  0%| F|  |TAMS 0x00000000a2400000| PB 0x00000000a2400000| Untracked 
| 549|0x00000000a2500000, 0x00000000a2500000, 0x00000000a2600000|  0%| F|  |TAMS 0x00000000a2500000| PB 0x00000000a2500000| Untracked 
| 550|0x00000000a2600000, 0x00000000a2600000, 0x00000000a2700000|  0%| F|  |TAMS 0x00000000a2600000| PB 0x00000000a2600000| Untracked 
| 551|0x00000000a2700000, 0x00000000a2700000, 0x00000000a2800000|  0%| F|  |TAMS 0x00000000a2700000| PB 0x00000000a2700000| Untracked 
| 552|0x00000000a2800000, 0x00000000a2800000, 0x00000000a2900000|  0%| F|  |TAMS 0x00000000a2800000| PB 0x00000000a2800000| Untracked 
| 553|0x00000000a2900000, 0x00000000a2900000, 0x00000000a2a00000|  0%| F|  |TAMS 0x00000000a2900000| PB 0x00000000a2900000| Untracked 
| 554|0x00000000a2a00000, 0x00000000a2a00000, 0x00000000a2b00000|  0%| F|  |TAMS 0x00000000a2a00000| PB 0x00000000a2a00000| Untracked 
| 555|0x00000000a2b00000, 0x00000000a2b00000, 0x00000000a2c00000|  0%| F|  |TAMS 0x00000000a2b00000| PB 0x00000000a2b00000| Untracked 
| 556|0x00000000a2c00000, 0x00000000a2c00000, 0x00000000a2d00000|  0%| F|  |TAMS 0x00000000a2c00000| PB 0x00000000a2c00000| Untracked 
| 557|0x00000000a2d00000, 0x00000000a2d00000, 0x00000000a2e00000|  0%| F|  |TAMS 0x00000000a2d00000| PB 0x00000000a2d00000| Untracked 
| 558|0x00000000a2e00000, 0x00000000a2e00000, 0x00000000a2f00000|  0%| F|  |TAMS 0x00000000a2e00000| PB 0x00000000a2e00000| Untracked 
| 559|0x00000000a2f00000, 0x00000000a2f00000, 0x00000000a3000000|  0%| F|  |TAMS 0x00000000a2f00000| PB 0x00000000a2f00000| Untracked 
| 560|0x00000000a3000000, 0x00000000a3000000, 0x00000000a3100000|  0%| F|  |TAMS 0x00000000a3000000| PB 0x00000000a3000000| Untracked 
| 561|0x00000000a3100000, 0x00000000a3100000, 0x00000000a3200000|  0%| F|  |TAMS 0x00000000a3100000| PB 0x00000000a3100000| Untracked 
| 562|0x00000000a3200000, 0x00000000a3200000, 0x00000000a3300000|  0%| F|  |TAMS 0x00000000a3200000| PB 0x00000000a3200000| Untracked 
| 563|0x00000000a3300000, 0x00000000a3300000, 0x00000000a3400000|  0%| F|  |TAMS 0x00000000a3300000| PB 0x00000000a3300000| Untracked 
| 564|0x00000000a3400000, 0x00000000a3400000, 0x00000000a3500000|  0%| F|  |TAMS 0x00000000a3400000| PB 0x00000000a3400000| Untracked 
| 565|0x00000000a3500000, 0x00000000a3500000, 0x00000000a3600000|  0%| F|  |TAMS 0x00000000a3500000| PB 0x00000000a3500000| Untracked 
| 566|0x00000000a3600000, 0x00000000a3600000, 0x00000000a3700000|  0%| F|  |TAMS 0x00000000a3600000| PB 0x00000000a3600000| Untracked 
| 567|0x00000000a3700000, 0x00000000a3700000, 0x00000000a3800000|  0%| F|  |TAMS 0x00000000a3700000| PB 0x00000000a3700000| Untracked 
| 568|0x00000000a3800000, 0x00000000a3800000, 0x00000000a3900000|  0%| F|  |TAMS 0x00000000a3800000| PB 0x00000000a3800000| Untracked 
| 569|0x00000000a3900000, 0x00000000a3900000, 0x00000000a3a00000|  0%| F|  |TAMS 0x00000000a3900000| PB 0x00000000a3900000| Untracked 
| 570|0x00000000a3a00000, 0x00000000a3a00000, 0x00000000a3b00000|  0%| F|  |TAMS 0x00000000a3a00000| PB 0x00000000a3a00000| Untracked 
| 571|0x00000000a3b00000, 0x00000000a3b00000, 0x00000000a3c00000|  0%| F|  |TAMS 0x00000000a3b00000| PB 0x00000000a3b00000| Untracked 
| 572|0x00000000a3c00000, 0x00000000a3c00000, 0x00000000a3d00000|  0%| F|  |TAMS 0x00000000a3c00000| PB 0x00000000a3c00000| Untracked 
| 573|0x00000000a3d00000, 0x00000000a3d00000, 0x00000000a3e00000|  0%| F|  |TAMS 0x00000000a3d00000| PB 0x00000000a3d00000| Untracked 
| 574|0x00000000a3e00000, 0x00000000a3e00000, 0x00000000a3f00000|  0%| F|  |TAMS 0x00000000a3e00000| PB 0x00000000a3e00000| Untracked 
| 575|0x00000000a3f00000, 0x00000000a3f00000, 0x00000000a4000000|  0%| F|  |TAMS 0x00000000a3f00000| PB 0x00000000a3f00000| Untracked 
| 576|0x00000000a4000000, 0x00000000a4000000, 0x00000000a4100000|  0%| F|  |TAMS 0x00000000a4000000| PB 0x00000000a4000000| Untracked 
| 577|0x00000000a4100000, 0x00000000a4100000, 0x00000000a4200000|  0%| F|  |TAMS 0x00000000a4100000| PB 0x00000000a4100000| Untracked 
| 578|0x00000000a4200000, 0x00000000a4200000, 0x00000000a4300000|  0%| F|  |TAMS 0x00000000a4200000| PB 0x00000000a4200000| Untracked 
| 579|0x00000000a4300000, 0x00000000a4300000, 0x00000000a4400000|  0%| F|  |TAMS 0x00000000a4300000| PB 0x00000000a4300000| Untracked 
| 580|0x00000000a4400000, 0x00000000a4400000, 0x00000000a4500000|  0%| F|  |TAMS 0x00000000a4400000| PB 0x00000000a4400000| Untracked 
| 581|0x00000000a4500000, 0x00000000a4500000, 0x00000000a4600000|  0%| F|  |TAMS 0x00000000a4500000| PB 0x00000000a4500000| Untracked 
| 582|0x00000000a4600000, 0x00000000a4600000, 0x00000000a4700000|  0%| F|  |TAMS 0x00000000a4600000| PB 0x00000000a4600000| Untracked 
| 583|0x00000000a4700000, 0x00000000a4700000, 0x00000000a4800000|  0%| F|  |TAMS 0x00000000a4700000| PB 0x00000000a4700000| Untracked 
| 584|0x00000000a4800000, 0x00000000a4800000, 0x00000000a4900000|  0%| F|  |TAMS 0x00000000a4800000| PB 0x00000000a4800000| Untracked 
| 585|0x00000000a4900000, 0x00000000a4900000, 0x00000000a4a00000|  0%| F|  |TAMS 0x00000000a4900000| PB 0x00000000a4900000| Untracked 
| 586|0x00000000a4a00000, 0x00000000a4a00000, 0x00000000a4b00000|  0%| F|  |TAMS 0x00000000a4a00000| PB 0x00000000a4a00000| Untracked 
| 587|0x00000000a4b00000, 0x00000000a4b00000, 0x00000000a4c00000|  0%| F|  |TAMS 0x00000000a4b00000| PB 0x00000000a4b00000| Untracked 
| 588|0x00000000a4c00000, 0x00000000a4c00000, 0x00000000a4d00000|  0%| F|  |TAMS 0x00000000a4c00000| PB 0x00000000a4c00000| Untracked 
| 589|0x00000000a4d00000, 0x00000000a4d00000, 0x00000000a4e00000|  0%| F|  |TAMS 0x00000000a4d00000| PB 0x00000000a4d00000| Untracked 
| 590|0x00000000a4e00000, 0x00000000a4e00000, 0x00000000a4f00000|  0%| F|  |TAMS 0x00000000a4e00000| PB 0x00000000a4e00000| Untracked 
| 591|0x00000000a4f00000, 0x00000000a4f00000, 0x00000000a5000000|  0%| F|  |TAMS 0x00000000a4f00000| PB 0x00000000a4f00000| Untracked 
| 592|0x00000000a5000000, 0x00000000a5000000, 0x00000000a5100000|  0%| F|  |TAMS 0x00000000a5000000| PB 0x00000000a5000000| Untracked 
| 593|0x00000000a5100000, 0x00000000a5100000, 0x00000000a5200000|  0%| F|  |TAMS 0x00000000a5100000| PB 0x00000000a5100000| Untracked 
| 594|0x00000000a5200000, 0x00000000a5200000, 0x00000000a5300000|  0%| F|  |TAMS 0x00000000a5200000| PB 0x00000000a5200000| Untracked 
| 595|0x00000000a5300000, 0x00000000a5300000, 0x00000000a5400000|  0%| F|  |TAMS 0x00000000a5300000| PB 0x00000000a5300000| Untracked 
| 596|0x00000000a5400000, 0x00000000a5400000, 0x00000000a5500000|  0%| F|  |TAMS 0x00000000a5400000| PB 0x00000000a5400000| Untracked 
| 597|0x00000000a5500000, 0x00000000a5500000, 0x00000000a5600000|  0%| F|  |TAMS 0x00000000a5500000| PB 0x00000000a5500000| Untracked 
| 598|0x00000000a5600000, 0x00000000a5600000, 0x00000000a5700000|  0%| F|  |TAMS 0x00000000a5600000| PB 0x00000000a5600000| Untracked 
| 599|0x00000000a5700000, 0x00000000a5700000, 0x00000000a5800000|  0%| F|  |TAMS 0x00000000a5700000| PB 0x00000000a5700000| Untracked 
| 600|0x00000000a5800000, 0x00000000a5800000, 0x00000000a5900000|  0%| F|  |TAMS 0x00000000a5800000| PB 0x00000000a5800000| Untracked 
| 601|0x00000000a5900000, 0x00000000a5900000, 0x00000000a5a00000|  0%| F|  |TAMS 0x00000000a5900000| PB 0x00000000a5900000| Untracked 
| 602|0x00000000a5a00000, 0x00000000a5a00000, 0x00000000a5b00000|  0%| F|  |TAMS 0x00000000a5a00000| PB 0x00000000a5a00000| Untracked 
| 603|0x00000000a5b00000, 0x00000000a5b00000, 0x00000000a5c00000|  0%| F|  |TAMS 0x00000000a5b00000| PB 0x00000000a5b00000| Untracked 
| 604|0x00000000a5c00000, 0x00000000a5c00000, 0x00000000a5d00000|  0%| F|  |TAMS 0x00000000a5c00000| PB 0x00000000a5c00000| Untracked 
| 605|0x00000000a5d00000, 0x00000000a5d00000, 0x00000000a5e00000|  0%| F|  |TAMS 0x00000000a5d00000| PB 0x00000000a5d00000| Untracked 
| 606|0x00000000a5e00000, 0x00000000a5e00000, 0x00000000a5f00000|  0%| F|  |TAMS 0x00000000a5e00000| PB 0x00000000a5e00000| Untracked 
| 607|0x00000000a5f00000, 0x00000000a5f00000, 0x00000000a6000000|  0%| F|  |TAMS 0x00000000a5f00000| PB 0x00000000a5f00000| Untracked 
| 608|0x00000000a6000000, 0x00000000a6000000, 0x00000000a6100000|  0%| F|  |TAMS 0x00000000a6000000| PB 0x00000000a6000000| Untracked 
| 609|0x00000000a6100000, 0x00000000a6100000, 0x00000000a6200000|  0%| F|  |TAMS 0x00000000a6100000| PB 0x00000000a6100000| Untracked 
| 610|0x00000000a6200000, 0x00000000a6200000, 0x00000000a6300000|  0%| F|  |TAMS 0x00000000a6200000| PB 0x00000000a6200000| Untracked 
| 611|0x00000000a6300000, 0x00000000a6300000, 0x00000000a6400000|  0%| F|  |TAMS 0x00000000a6300000| PB 0x00000000a6300000| Untracked 
| 612|0x00000000a6400000, 0x00000000a6400000, 0x00000000a6500000|  0%| F|  |TAMS 0x00000000a6400000| PB 0x00000000a6400000| Untracked 
| 613|0x00000000a6500000, 0x00000000a6500000, 0x00000000a6600000|  0%| F|  |TAMS 0x00000000a6500000| PB 0x00000000a6500000| Untracked 
| 614|0x00000000a6600000, 0x00000000a6600000, 0x00000000a6700000|  0%| F|  |TAMS 0x00000000a6600000| PB 0x00000000a6600000| Untracked 
| 615|0x00000000a6700000, 0x00000000a6700000, 0x00000000a6800000|  0%| F|  |TAMS 0x00000000a6700000| PB 0x00000000a6700000| Untracked 
| 616|0x00000000a6800000, 0x00000000a6800000, 0x00000000a6900000|  0%| F|  |TAMS 0x00000000a6800000| PB 0x00000000a6800000| Untracked 
| 617|0x00000000a6900000, 0x00000000a6900000, 0x00000000a6a00000|  0%| F|  |TAMS 0x00000000a6900000| PB 0x00000000a6900000| Untracked 
| 618|0x00000000a6a00000, 0x00000000a6a00000, 0x00000000a6b00000|  0%| F|  |TAMS 0x00000000a6a00000| PB 0x00000000a6a00000| Untracked 
| 619|0x00000000a6b00000, 0x00000000a6b00000, 0x00000000a6c00000|  0%| F|  |TAMS 0x00000000a6b00000| PB 0x00000000a6b00000| Untracked 
| 620|0x00000000a6c00000, 0x00000000a6c00000, 0x00000000a6d00000|  0%| F|  |TAMS 0x00000000a6c00000| PB 0x00000000a6c00000| Untracked 
| 621|0x00000000a6d00000, 0x00000000a6d00000, 0x00000000a6e00000|  0%| F|  |TAMS 0x00000000a6d00000| PB 0x00000000a6d00000| Untracked 
| 622|0x00000000a6e00000, 0x00000000a6e00000, 0x00000000a6f00000|  0%| F|  |TAMS 0x00000000a6e00000| PB 0x00000000a6e00000| Untracked 
| 623|0x00000000a6f00000, 0x00000000a6f00000, 0x00000000a7000000|  0%| F|  |TAMS 0x00000000a6f00000| PB 0x00000000a6f00000| Untracked 
| 624|0x00000000a7000000, 0x00000000a7000000, 0x00000000a7100000|  0%| F|  |TAMS 0x00000000a7000000| PB 0x00000000a7000000| Untracked 
| 625|0x00000000a7100000, 0x00000000a7100000, 0x00000000a7200000|  0%| F|  |TAMS 0x00000000a7100000| PB 0x00000000a7100000| Untracked 
| 626|0x00000000a7200000, 0x00000000a7200000, 0x00000000a7300000|  0%| F|  |TAMS 0x00000000a7200000| PB 0x00000000a7200000| Untracked 
| 627|0x00000000a7300000, 0x00000000a7300000, 0x00000000a7400000|  0%| F|  |TAMS 0x00000000a7300000| PB 0x00000000a7300000| Untracked 
| 628|0x00000000a7400000, 0x00000000a7400000, 0x00000000a7500000|  0%| F|  |TAMS 0x00000000a7400000| PB 0x00000000a7400000| Untracked 
| 629|0x00000000a7500000, 0x00000000a7500000, 0x00000000a7600000|  0%| F|  |TAMS 0x00000000a7500000| PB 0x00000000a7500000| Untracked 
| 630|0x00000000a7600000, 0x00000000a7600000, 0x00000000a7700000|  0%| F|  |TAMS 0x00000000a7600000| PB 0x00000000a7600000| Untracked 
| 631|0x00000000a7700000, 0x00000000a7700000, 0x00000000a7800000|  0%| F|  |TAMS 0x00000000a7700000| PB 0x00000000a7700000| Untracked 
| 632|0x00000000a7800000, 0x00000000a7800000, 0x00000000a7900000|  0%| F|  |TAMS 0x00000000a7800000| PB 0x00000000a7800000| Untracked 
| 633|0x00000000a7900000, 0x00000000a7900000, 0x00000000a7a00000|  0%| F|  |TAMS 0x00000000a7900000| PB 0x00000000a7900000| Untracked 
| 634|0x00000000a7a00000, 0x00000000a7a00000, 0x00000000a7b00000|  0%| F|  |TAMS 0x00000000a7a00000| PB 0x00000000a7a00000| Untracked 
| 635|0x00000000a7b00000, 0x00000000a7b00000, 0x00000000a7c00000|  0%| F|  |TAMS 0x00000000a7b00000| PB 0x00000000a7b00000| Untracked 
| 636|0x00000000a7c00000, 0x00000000a7c00000, 0x00000000a7d00000|  0%| F|  |TAMS 0x00000000a7c00000| PB 0x00000000a7c00000| Untracked 
| 637|0x00000000a7d00000, 0x00000000a7d00000, 0x00000000a7e00000|  0%| F|  |TAMS 0x00000000a7d00000| PB 0x00000000a7d00000| Untracked 
| 638|0x00000000a7e00000, 0x00000000a7e00000, 0x00000000a7f00000|  0%| F|  |TAMS 0x00000000a7e00000| PB 0x00000000a7e00000| Untracked 
| 639|0x00000000a7f00000, 0x00000000a7f00000, 0x00000000a8000000|  0%| F|  |TAMS 0x00000000a7f00000| PB 0x00000000a7f00000| Untracked 
| 640|0x00000000a8000000, 0x00000000a8000000, 0x00000000a8100000|  0%| F|  |TAMS 0x00000000a8000000| PB 0x00000000a8000000| Untracked 
| 641|0x00000000a8100000, 0x00000000a8100000, 0x00000000a8200000|  0%| F|  |TAMS 0x00000000a8100000| PB 0x00000000a8100000| Untracked 
| 642|0x00000000a8200000, 0x00000000a8200000, 0x00000000a8300000|  0%| F|  |TAMS 0x00000000a8200000| PB 0x00000000a8200000| Untracked 
| 643|0x00000000a8300000, 0x00000000a8300000, 0x00000000a8400000|  0%| F|  |TAMS 0x00000000a8300000| PB 0x00000000a8300000| Untracked 
| 644|0x00000000a8400000, 0x00000000a8400000, 0x00000000a8500000|  0%| F|  |TAMS 0x00000000a8400000| PB 0x00000000a8400000| Untracked 
| 645|0x00000000a8500000, 0x00000000a8500000, 0x00000000a8600000|  0%| F|  |TAMS 0x00000000a8500000| PB 0x00000000a8500000| Untracked 
| 646|0x00000000a8600000, 0x00000000a8600000, 0x00000000a8700000|  0%| F|  |TAMS 0x00000000a8600000| PB 0x00000000a8600000| Untracked 
| 647|0x00000000a8700000, 0x00000000a8700000, 0x00000000a8800000|  0%| F|  |TAMS 0x00000000a8700000| PB 0x00000000a8700000| Untracked 
| 648|0x00000000a8800000, 0x00000000a8800000, 0x00000000a8900000|  0%| F|  |TAMS 0x00000000a8800000| PB 0x00000000a8800000| Untracked 
| 649|0x00000000a8900000, 0x00000000a8900000, 0x00000000a8a00000|  0%| F|  |TAMS 0x00000000a8900000| PB 0x00000000a8900000| Untracked 
| 650|0x00000000a8a00000, 0x00000000a8a00000, 0x00000000a8b00000|  0%| F|  |TAMS 0x00000000a8a00000| PB 0x00000000a8a00000| Untracked 
| 651|0x00000000a8b00000, 0x00000000a8b00000, 0x00000000a8c00000|  0%| F|  |TAMS 0x00000000a8b00000| PB 0x00000000a8b00000| Untracked 
| 652|0x00000000a8c00000, 0x00000000a8c00000, 0x00000000a8d00000|  0%| F|  |TAMS 0x00000000a8c00000| PB 0x00000000a8c00000| Untracked 
| 653|0x00000000a8d00000, 0x00000000a8d00000, 0x00000000a8e00000|  0%| F|  |TAMS 0x00000000a8d00000| PB 0x00000000a8d00000| Untracked 
| 654|0x00000000a8e00000, 0x00000000a8e00000, 0x00000000a8f00000|  0%| F|  |TAMS 0x00000000a8e00000| PB 0x00000000a8e00000| Untracked 
| 655|0x00000000a8f00000, 0x00000000a8f00000, 0x00000000a9000000|  0%| F|  |TAMS 0x00000000a8f00000| PB 0x00000000a8f00000| Untracked 
| 656|0x00000000a9000000, 0x00000000a9000000, 0x00000000a9100000|  0%| F|  |TAMS 0x00000000a9000000| PB 0x00000000a9000000| Untracked 
| 657|0x00000000a9100000, 0x00000000a9100000, 0x00000000a9200000|  0%| F|  |TAMS 0x00000000a9100000| PB 0x00000000a9100000| Untracked 
| 658|0x00000000a9200000, 0x00000000a9200000, 0x00000000a9300000|  0%| F|  |TAMS 0x00000000a9200000| PB 0x00000000a9200000| Untracked 
| 659|0x00000000a9300000, 0x00000000a9300000, 0x00000000a9400000|  0%| F|  |TAMS 0x00000000a9300000| PB 0x00000000a9300000| Untracked 
| 660|0x00000000a9400000, 0x00000000a9400000, 0x00000000a9500000|  0%| F|  |TAMS 0x00000000a9400000| PB 0x00000000a9400000| Untracked 
| 661|0x00000000a9500000, 0x00000000a9500000, 0x00000000a9600000|  0%| F|  |TAMS 0x00000000a9500000| PB 0x00000000a9500000| Untracked 
| 662|0x00000000a9600000, 0x00000000a9600000, 0x00000000a9700000|  0%| F|  |TAMS 0x00000000a9600000| PB 0x00000000a9600000| Untracked 
| 663|0x00000000a9700000, 0x00000000a9700000, 0x00000000a9800000|  0%| F|  |TAMS 0x00000000a9700000| PB 0x00000000a9700000| Untracked 
| 664|0x00000000a9800000, 0x00000000a9800000, 0x00000000a9900000|  0%| F|  |TAMS 0x00000000a9800000| PB 0x00000000a9800000| Untracked 
| 665|0x00000000a9900000, 0x00000000a9900000, 0x00000000a9a00000|  0%| F|  |TAMS 0x00000000a9900000| PB 0x00000000a9900000| Untracked 
| 666|0x00000000a9a00000, 0x00000000a9a00000, 0x00000000a9b00000|  0%| F|  |TAMS 0x00000000a9a00000| PB 0x00000000a9a00000| Untracked 
| 667|0x00000000a9b00000, 0x00000000a9b00000, 0x00000000a9c00000|  0%| F|  |TAMS 0x00000000a9b00000| PB 0x00000000a9b00000| Untracked 
| 668|0x00000000a9c00000, 0x00000000a9c00000, 0x00000000a9d00000|  0%| F|  |TAMS 0x00000000a9c00000| PB 0x00000000a9c00000| Untracked 
| 669|0x00000000a9d00000, 0x00000000a9d00000, 0x00000000a9e00000|  0%| F|  |TAMS 0x00000000a9d00000| PB 0x00000000a9d00000| Untracked 
| 670|0x00000000a9e00000, 0x00000000a9e00000, 0x00000000a9f00000|  0%| F|  |TAMS 0x00000000a9e00000| PB 0x00000000a9e00000| Untracked 
| 671|0x00000000a9f00000, 0x00000000a9f00000, 0x00000000aa000000|  0%| F|  |TAMS 0x00000000a9f00000| PB 0x00000000a9f00000| Untracked 
| 672|0x00000000aa000000, 0x00000000aa000000, 0x00000000aa100000|  0%| F|  |TAMS 0x00000000aa000000| PB 0x00000000aa000000| Untracked 
| 673|0x00000000aa100000, 0x00000000aa100000, 0x00000000aa200000|  0%| F|  |TAMS 0x00000000aa100000| PB 0x00000000aa100000| Untracked 
| 674|0x00000000aa200000, 0x00000000aa200000, 0x00000000aa300000|  0%| F|  |TAMS 0x00000000aa200000| PB 0x00000000aa200000| Untracked 
| 675|0x00000000aa300000, 0x00000000aa300000, 0x00000000aa400000|  0%| F|  |TAMS 0x00000000aa300000| PB 0x00000000aa300000| Untracked 
| 676|0x00000000aa400000, 0x00000000aa400000, 0x00000000aa500000|  0%| F|  |TAMS 0x00000000aa400000| PB 0x00000000aa400000| Untracked 
| 677|0x00000000aa500000, 0x00000000aa500000, 0x00000000aa600000|  0%| F|  |TAMS 0x00000000aa500000| PB 0x00000000aa500000| Untracked 
| 678|0x00000000aa600000, 0x00000000aa600000, 0x00000000aa700000|  0%| F|  |TAMS 0x00000000aa600000| PB 0x00000000aa600000| Untracked 
| 679|0x00000000aa700000, 0x00000000aa700000, 0x00000000aa800000|  0%| F|  |TAMS 0x00000000aa700000| PB 0x00000000aa700000| Untracked 
| 680|0x00000000aa800000, 0x00000000aa800000, 0x00000000aa900000|  0%| F|  |TAMS 0x00000000aa800000| PB 0x00000000aa800000| Untracked 
| 681|0x00000000aa900000, 0x00000000aa900000, 0x00000000aaa00000|  0%| F|  |TAMS 0x00000000aa900000| PB 0x00000000aa900000| Untracked 
| 682|0x00000000aaa00000, 0x00000000aaa00000, 0x00000000aab00000|  0%| F|  |TAMS 0x00000000aaa00000| PB 0x00000000aaa00000| Untracked 
| 683|0x00000000aab00000, 0x00000000aab00000, 0x00000000aac00000|  0%| F|  |TAMS 0x00000000aab00000| PB 0x00000000aab00000| Untracked 
| 684|0x00000000aac00000, 0x00000000aac00000, 0x00000000aad00000|  0%| F|  |TAMS 0x00000000aac00000| PB 0x00000000aac00000| Untracked 
| 685|0x00000000aad00000, 0x00000000aad00000, 0x00000000aae00000|  0%| F|  |TAMS 0x00000000aad00000| PB 0x00000000aad00000| Untracked 
| 686|0x00000000aae00000, 0x00000000aae00000, 0x00000000aaf00000|  0%| F|  |TAMS 0x00000000aae00000| PB 0x00000000aae00000| Untracked 
| 687|0x00000000aaf00000, 0x00000000aaf00000, 0x00000000ab000000|  0%| F|  |TAMS 0x00000000aaf00000| PB 0x00000000aaf00000| Untracked 
| 688|0x00000000ab000000, 0x00000000ab000000, 0x00000000ab100000|  0%| F|  |TAMS 0x00000000ab000000| PB 0x00000000ab000000| Untracked 
| 689|0x00000000ab100000, 0x00000000ab100000, 0x00000000ab200000|  0%| F|  |TAMS 0x00000000ab100000| PB 0x00000000ab100000| Untracked 
| 690|0x00000000ab200000, 0x00000000ab200000, 0x00000000ab300000|  0%| F|  |TAMS 0x00000000ab200000| PB 0x00000000ab200000| Untracked 
| 691|0x00000000ab300000, 0x00000000ab300000, 0x00000000ab400000|  0%| F|  |TAMS 0x00000000ab300000| PB 0x00000000ab300000| Untracked 
| 692|0x00000000ab400000, 0x00000000ab400000, 0x00000000ab500000|  0%| F|  |TAMS 0x00000000ab400000| PB 0x00000000ab400000| Untracked 
| 693|0x00000000ab500000, 0x00000000ab500000, 0x00000000ab600000|  0%| F|  |TAMS 0x00000000ab500000| PB 0x00000000ab500000| Untracked 
| 694|0x00000000ab600000, 0x00000000ab600000, 0x00000000ab700000|  0%| F|  |TAMS 0x00000000ab600000| PB 0x00000000ab600000| Untracked 
| 695|0x00000000ab700000, 0x00000000ab700000, 0x00000000ab800000|  0%| F|  |TAMS 0x00000000ab700000| PB 0x00000000ab700000| Untracked 
| 696|0x00000000ab800000, 0x00000000ab88d7f0, 0x00000000ab900000| 55%| E|  |TAMS 0x00000000ab800000| PB 0x00000000ab800000| Complete 
| 697|0x00000000ab900000, 0x00000000aba00000, 0x00000000aba00000|100%| E|CS|TAMS 0x00000000ab900000| PB 0x00000000ab900000| Complete 
| 698|0x00000000aba00000, 0x00000000abb00000, 0x00000000abb00000|100%| E|CS|TAMS 0x00000000aba00000| PB 0x00000000aba00000| Complete 
| 699|0x00000000abb00000, 0x00000000abc00000, 0x00000000abc00000|100%| E|CS|TAMS 0x00000000abb00000| PB 0x00000000abb00000| Complete 
| 700|0x00000000abc00000, 0x00000000abd00000, 0x00000000abd00000|100%| E|CS|TAMS 0x00000000abc00000| PB 0x00000000abc00000| Complete 
| 701|0x00000000abd00000, 0x00000000abe00000, 0x00000000abe00000|100%| E|CS|TAMS 0x00000000abd00000| PB 0x00000000abd00000| Complete 
| 702|0x00000000abe00000, 0x00000000abf00000, 0x00000000abf00000|100%| E|CS|TAMS 0x00000000abe00000| PB 0x00000000abe00000| Complete 
| 703|0x00000000abf00000, 0x00000000ac000000, 0x00000000ac000000|100%| E|CS|TAMS 0x00000000abf00000| PB 0x00000000abf00000| Complete 
| 704|0x00000000ac000000, 0x00000000ac100000, 0x00000000ac100000|100%| E|CS|TAMS 0x00000000ac000000| PB 0x00000000ac000000| Complete 
| 705|0x00000000ac100000, 0x00000000ac200000, 0x00000000ac200000|100%| E|CS|TAMS 0x00000000ac100000| PB 0x00000000ac100000| Complete 
| 706|0x00000000ac200000, 0x00000000ac300000, 0x00000000ac300000|100%| E|CS|TAMS 0x00000000ac200000| PB 0x00000000ac200000| Complete 
| 707|0x00000000ac300000, 0x00000000ac400000, 0x00000000ac400000|100%| E|CS|TAMS 0x00000000ac300000| PB 0x00000000ac300000| Complete 
| 708|0x00000000ac400000, 0x00000000ac500000, 0x00000000ac500000|100%| E|CS|TAMS 0x00000000ac400000| PB 0x00000000ac400000| Complete 
| 709|0x00000000ac500000, 0x00000000ac600000, 0x00000000ac600000|100%| E|CS|TAMS 0x00000000ac500000| PB 0x00000000ac500000| Complete 
| 710|0x00000000ac600000, 0x00000000ac700000, 0x00000000ac700000|100%| E|CS|TAMS 0x00000000ac600000| PB 0x00000000ac600000| Complete 
| 711|0x00000000ac700000, 0x00000000ac800000, 0x00000000ac800000|100%| E|CS|TAMS 0x00000000ac700000| PB 0x00000000ac700000| Complete 
| 712|0x00000000ac800000, 0x00000000ac900000, 0x00000000ac900000|100%| E|CS|TAMS 0x00000000ac800000| PB 0x00000000ac800000| Complete 
| 713|0x00000000ac900000, 0x00000000aca00000, 0x00000000aca00000|100%| E|CS|TAMS 0x00000000ac900000| PB 0x00000000ac900000| Complete 
| 714|0x00000000aca00000, 0x00000000acb00000, 0x00000000acb00000|100%| E|CS|TAMS 0x00000000aca00000| PB 0x00000000aca00000| Complete 
| 715|0x00000000acb00000, 0x00000000acc00000, 0x00000000acc00000|100%| E|CS|TAMS 0x00000000acb00000| PB 0x00000000acb00000| Complete 
| 716|0x00000000acc00000, 0x00000000acd00000, 0x00000000acd00000|100%| E|CS|TAMS 0x00000000acc00000| PB 0x00000000acc00000| Complete 
| 717|0x00000000acd00000, 0x00000000ace00000, 0x00000000ace00000|100%| E|CS|TAMS 0x00000000acd00000| PB 0x00000000acd00000| Complete 
| 718|0x00000000ace00000, 0x00000000acf00000, 0x00000000acf00000|100%| E|CS|TAMS 0x00000000ace00000| PB 0x00000000ace00000| Complete 
| 719|0x00000000acf00000, 0x00000000ad000000, 0x00000000ad000000|100%| E|CS|TAMS 0x00000000acf00000| PB 0x00000000acf00000| Complete 
| 720|0x00000000ad000000, 0x00000000ad100000, 0x00000000ad100000|100%| E|CS|TAMS 0x00000000ad000000| PB 0x00000000ad000000| Complete 
| 721|0x00000000ad100000, 0x00000000ad200000, 0x00000000ad200000|100%| E|CS|TAMS 0x00000000ad100000| PB 0x00000000ad100000| Complete 
| 722|0x00000000ad200000, 0x00000000ad300000, 0x00000000ad300000|100%| E|CS|TAMS 0x00000000ad200000| PB 0x00000000ad200000| Complete 
| 723|0x00000000ad300000, 0x00000000ad400000, 0x00000000ad400000|100%| E|CS|TAMS 0x00000000ad300000| PB 0x00000000ad300000| Complete 
| 724|0x00000000ad400000, 0x00000000ad500000, 0x00000000ad500000|100%| E|CS|TAMS 0x00000000ad400000| PB 0x00000000ad400000| Complete 
| 725|0x00000000ad500000, 0x00000000ad600000, 0x00000000ad600000|100%| E|CS|TAMS 0x00000000ad500000| PB 0x00000000ad500000| Complete 
|2027|0x00000000feb00000, 0x00000000fec00000, 0x00000000fec00000|100%| E|CS|TAMS 0x00000000feb00000| PB 0x00000000feb00000| Complete 
|2028|0x00000000fec00000, 0x00000000fed00000, 0x00000000fed00000|100%| E|CS|TAMS 0x00000000fec00000| PB 0x00000000fec00000| Complete 
|2029|0x00000000fed00000, 0x00000000fee00000, 0x00000000fee00000|100%| O|  |TAMS 0x00000000fed00000| PB 0x00000000fed00000| Untracked 
|2030|0x00000000fee00000, 0x00000000fef00000, 0x00000000fef00000|100%| O|  |TAMS 0x00000000fee00000| PB 0x00000000fee00000| Untracked 
|2031|0x00000000fef00000, 0x00000000ff000000, 0x00000000ff000000|100%| O|  |TAMS 0x00000000fef00000| PB 0x00000000fef00000| Untracked 
|2032|0x00000000ff000000, 0x00000000ff100000, 0x00000000ff100000|100%| O|  |TAMS 0x00000000ff000000| PB 0x00000000ff000000| Untracked 
|2033|0x00000000ff100000, 0x00000000ff200000, 0x00000000ff200000|100%| O|  |TAMS 0x00000000ff100000| PB 0x00000000ff100000| Untracked 
|2034|0x00000000ff200000, 0x00000000ff300000, 0x00000000ff300000|100%| O|  |TAMS 0x00000000ff200000| PB 0x00000000ff200000| Untracked 
|2035|0x00000000ff300000, 0x00000000ff400000, 0x00000000ff400000|100%| O|  |TAMS 0x00000000ff300000| PB 0x00000000ff300000| Untracked 
|2036|0x00000000ff400000, 0x00000000ff500000, 0x00000000ff500000|100%| O|  |TAMS 0x00000000ff400000| PB 0x00000000ff400000| Untracked 
|2037|0x00000000ff500000, 0x00000000ff600000, 0x00000000ff600000|100%| O|  |TAMS 0x00000000ff500000| PB 0x00000000ff500000| Untracked 
|2038|0x00000000ff600000, 0x00000000ff700000, 0x00000000ff700000|100%| O|  |TAMS 0x00000000ff600000| PB 0x00000000ff600000| Untracked 
|2039|0x00000000ff700000, 0x00000000ff800000, 0x00000000ff800000|100%| O|  |TAMS 0x00000000ff700000| PB 0x00000000ff700000| Untracked 
|2040|0x00000000ff800000, 0x00000000ff900000, 0x00000000ff900000|100%| O|  |TAMS 0x00000000ff800000| PB 0x00000000ff800000| Untracked 
|2041|0x00000000ff900000, 0x00000000ffa00000, 0x00000000ffa00000|100%| O|  |TAMS 0x00000000ff900000| PB 0x00000000ff900000| Untracked 
|2042|0x00000000ffa00000, 0x00000000ffb00000, 0x00000000ffb00000|100%| O|  |TAMS 0x00000000ffa00000| PB 0x00000000ffa00000| Untracked 
|2043|0x00000000ffb00000, 0x00000000ffc00000, 0x00000000ffc00000|100%| E|CS|TAMS 0x00000000ffb00000| PB 0x00000000ffb00000| Complete 
|2044|0x00000000ffc00000, 0x00000000ffd00000, 0x00000000ffd00000|100%| E|CS|TAMS 0x00000000ffc00000| PB 0x00000000ffc00000| Complete 
|2045|0x00000000ffd00000, 0x00000000ffe00000, 0x00000000ffe00000|100%| O|  |TAMS 0x00000000ffd00000| PB 0x00000000ffd00000| Untracked 
|2046|0x00000000ffe00000, 0x00000000fff00000, 0x00000000fff00000|100%| O|  |TAMS 0x00000000ffe00000| PB 0x00000000ffe00000| Untracked 
|2047|0x00000000fff00000, 0x0000000100000000, 0x0000000100000000|100%| O|  |TAMS 0x00000000fff00000| PB 0x00000000fff00000| Untracked 

Card table byte_map: [0x0000020265bf0000,0x0000020265ff0000] _byte_map_base: 0x00000202657f0000

Marking Bits: (CMBitMap*) 0x0000020252918da0
 Bits: [0x0000020265ff0000, 0x0000020267ff0000)

Polling page: 0x0000020252080000

Metaspace:

Usage:
  Non-class:    106.51 MB used.
      Class:     16.38 MB used.
       Both:    122.89 MB used.

Virtual space:
  Non-class space:      128.00 MB reserved,     107.62 MB ( 84%) committed,  2 nodes.
      Class space:        1.00 GB reserved,      17.44 MB (  2%) committed,  1 nodes.
             Both:        1.12 GB reserved,     125.06 MB ( 11%) committed. 

Chunk freelists:
   Non-Class:  3.89 MB
       Class:  14.55 MB
        Both:  18.44 MB

MaxMetaspaceSize: unlimited
CompressedClassSpaceSize: 1.00 GB
Initial GC threshold: 21.00 MB
Current GC threshold: 164.81 MB
CDS: off
 - commit_granule_bytes: 65536.
 - commit_granule_words: 8192.
 - virtual_space_node_default_size: 8388608.
 - enlarge_chunks_in_place: 1.
 - use_allocation_guard: 0.


Internal statistics:

num_allocs_failed_limit: 9.
num_arena_births: 4292.
num_arena_deaths: 16.
num_vsnodes_births: 3.
num_vsnodes_deaths: 0.
num_space_committed: 2001.
num_space_uncommitted: 0.
num_chunks_returned_to_freelist: 32.
num_chunks_taken_from_freelist: 9391.
num_chunk_merges: 11.
num_chunk_splits: 6189.
num_chunks_enlarged: 3934.
num_inconsistent_stats: 0.

CodeHeap 'non-profiled nmethods': size=119168Kb used=15594Kb max_used=15594Kb free=103573Kb
 bounds [0x000002025d5c0000, 0x000002025e500000, 0x0000020264a20000]
CodeHeap 'profiled nmethods': size=119104Kb used=32529Kb max_used=32529Kb free=86575Kb
 bounds [0x0000020255a20000, 0x00000202579f0000, 0x000002025ce70000]
CodeHeap 'non-nmethods': size=7488Kb used=3946Kb max_used=3989Kb free=3541Kb
 bounds [0x000002025ce70000, 0x000002025d270000, 0x000002025d5c0000]
CodeCache: size=245760Kb, used=52069Kb, max_used=52112Kb, free=193689Kb
 total_blobs=16876, nmethods=15966, adapters=810, full_count=0
Compilation: enabled, stopped_count=0, restarted_count=0

Compilation events (20 events):
Event: 80.417 Thread 0x0000020275593720 22348       3       org.codehaus.groovy.classgen.FinalVariableAnalyzer::fixVar (97 bytes)
Event: 80.417 Thread 0x000002026b846af0 22349       3       org.codehaus.groovy.ast.expr.ConstructorCallExpression::visit (8 bytes)
Event: 80.417 Thread 0x000002026b846af0 nmethod 22349 0x00000202579a1e10 code [0x00000202579a1fc0, 0x00000202579a2198]
Event: 80.417 Thread 0x0000020275592980 nmethod 22346 0x00000202579a2290 code [0x00000202579a2480, 0x00000202579a2958]
Event: 80.417 Thread 0x000002027558f9d0 nmethod 22347 0x00000202579a2b10 code [0x00000202579a2d20, 0x00000202579a3430]
Event: 80.418 Thread 0x0000020275593720 nmethod 22348 0x00000202579a3610 code [0x00000202579a3920, 0x00000202579a4e80]
Event: 80.418 Thread 0x000002026b846af0 22350       1       org.codehaus.groovy.ast.DynamicVariable::isClosureSharedVariable (5 bytes)
Event: 80.419 Thread 0x000002027558f9d0 22351       3       org.codehaus.groovy.ast.decompiled.DecompiledClassNode::getDeclaredField (10 bytes)
Event: 80.419 Thread 0x000002026b846af0 nmethod 22350 0x000002025e4e6190 code [0x000002025e4e6320, 0x000002025e4e63f0]
Event: 80.419 Thread 0x000002027558f9d0 nmethod 22351 0x00000202579a5310 code [0x00000202579a54c0, 0x00000202579a5650]
Event: 80.419 Thread 0x0000020275593720 22353       3       org.codehaus.groovy.classgen.asm.WriterController::isStaticMethod (23 bytes)
Event: 80.419 Thread 0x0000020275593720 nmethod 22353 0x00000202579a5710 code [0x00000202579a58c0, 0x00000202579a5b10]
Event: 80.421 Thread 0x000002027558f9d0 22354       3       org.codehaus.groovy.ast.CodeVisitorSupport::visitCastExpression (9 bytes)
Event: 80.421 Thread 0x000002027558f9d0 nmethod 22354 0x00000202579a5c10 code [0x00000202579a5dc0, 0x00000202579a5fc0]
Event: 80.421 Thread 0x0000020275593720 22355       3       org.codehaus.groovy.ast.expr.VariableExpression::isClosureSharedVariable (30 bytes)
Event: 80.421 Thread 0x0000020275593720 nmethod 22355 0x00000202579a6090 code [0x00000202579a6240, 0x00000202579a64a0]
Event: 80.422 Thread 0x000002026b846af0 22356       3       org.codehaus.groovy.classgen.asm.StatementMetaTypeChooser::resolveType (154 bytes)
Event: 80.422 Thread 0x000002027558f9d0 22357       3       org.codehaus.groovy.ast.ClassHelper::isPrimitiveFloat (16 bytes)
Event: 80.422 Thread 0x0000020275593720 22358       3       org.codehaus.groovy.ast.ClassHelper::isPrimitiveChar (16 bytes)
Event: 80.422 Thread 0x0000020275592980 22359       3       org.codehaus.groovy.ast.ClassHelper::isPrimitiveByte (16 bytes)

GC Heap History (20 events):
Event: 64.578 GC heap before
{Heap before GC invocations=78 (full 0):
 garbage-first heap   total 764928K, used 657701K [0x0000000080000000, 0x0000000100000000)
  region size 1024K, 448 young (458752K), 29 survivors (29696K)
 Metaspace       used 99368K, committed 101440K, reserved 1179648K
  class space    used 13304K, committed 14272K, reserved 1048576K
}
Event: 64.588 GC heap after
{Heap after GC invocations=79 (full 0):
 garbage-first heap   total 764928K, used 229878K [0x0000000080000000, 0x0000000100000000)
  region size 1024K, 30 young (30720K), 30 survivors (30720K)
 Metaspace       used 99368K, committed 101440K, reserved 1179648K
  class space    used 13304K, committed 14272K, reserved 1048576K
}
Event: 65.379 GC heap before
{Heap before GC invocations=79 (full 0):
 garbage-first heap   total 764928K, used 656886K [0x0000000080000000, 0x0000000100000000)
  region size 1024K, 449 young (459776K), 30 survivors (30720K)
 Metaspace       used 99371K, committed 101440K, reserved 1179648K
  class space    used 13304K, committed 14272K, reserved 1048576K
}
Event: 65.389 GC heap after
{Heap after GC invocations=80 (full 0):
 garbage-first heap   total 764928K, used 230902K [0x0000000080000000, 0x0000000100000000)
  region size 1024K, 31 young (31744K), 31 survivors (31744K)
 Metaspace       used 99371K, committed 101440K, reserved 1179648K
  class space    used 13304K, committed 14272K, reserved 1048576K
}
Event: 66.744 GC heap before
{Heap before GC invocations=80 (full 0):
 garbage-first heap   total 764928K, used 656886K [0x0000000080000000, 0x0000000100000000)
  region size 1024K, 448 young (458752K), 31 survivors (31744K)
 Metaspace       used 99372K, committed 101440K, reserved 1179648K
  class space    used 13304K, committed 14272K, reserved 1048576K
}
Event: 66.758 GC heap after
{Heap after GC invocations=81 (full 0):
 garbage-first heap   total 764928K, used 232462K [0x0000000080000000, 0x0000000100000000)
  region size 1024K, 32 young (32768K), 32 survivors (32768K)
 Metaspace       used 99372K, committed 101440K, reserved 1179648K
  class space    used 13304K, committed 14272K, reserved 1048576K
}
Event: 67.764 GC heap before
{Heap before GC invocations=81 (full 0):
 garbage-first heap   total 764928K, used 657422K [0x0000000080000000, 0x0000000100000000)
  region size 1024K, 448 young (458752K), 32 survivors (32768K)
 Metaspace       used 99372K, committed 101440K, reserved 1179648K
  class space    used 13304K, committed 14272K, reserved 1048576K
}
Event: 67.780 GC heap after
{Heap after GC invocations=82 (full 0):
 garbage-first heap   total 764928K, used 235815K [0x0000000080000000, 0x0000000100000000)
  region size 1024K, 35 young (35840K), 35 survivors (35840K)
 Metaspace       used 99372K, committed 101440K, reserved 1179648K
  class space    used 13304K, committed 14272K, reserved 1048576K
}
Event: 68.726 GC heap before
{Heap before GC invocations=82 (full 0):
 garbage-first heap   total 764928K, used 658727K [0x0000000080000000, 0x0000000100000000)
  region size 1024K, 448 young (458752K), 35 survivors (35840K)
 Metaspace       used 99374K, committed 101440K, reserved 1179648K
  class space    used 13304K, committed 14272K, reserved 1048576K
}
Event: 68.742 GC heap after
{Heap after GC invocations=83 (full 0):
 garbage-first heap   total 764928K, used 237672K [0x0000000080000000, 0x0000000100000000)
  region size 1024K, 22 young (22528K), 22 survivors (22528K)
 Metaspace       used 99374K, committed 101440K, reserved 1179648K
  class space    used 13304K, committed 14272K, reserved 1048576K
}
Event: 69.713 GC heap before
{Heap before GC invocations=83 (full 0):
 garbage-first heap   total 764928K, used 673896K [0x0000000080000000, 0x0000000100000000)
  region size 1024K, 448 young (458752K), 22 survivors (22528K)
 Metaspace       used 99374K, committed 101440K, reserved 1179648K
  class space    used 13304K, committed 14272K, reserved 1048576K
}
Event: 69.730 GC heap after
{Heap after GC invocations=84 (full 0):
 garbage-first heap   total 764928K, used 236325K [0x0000000080000000, 0x0000000100000000)
  region size 1024K, 24 young (24576K), 24 survivors (24576K)
 Metaspace       used 99374K, committed 101440K, reserved 1179648K
  class space    used 13304K, committed 14272K, reserved 1048576K
}
Event: 72.222 GC heap before
{Heap before GC invocations=84 (full 0):
 garbage-first heap   total 764928K, used 674597K [0x0000000080000000, 0x0000000100000000)
  region size 1024K, 448 young (458752K), 24 survivors (24576K)
 Metaspace       used 99392K, committed 101440K, reserved 1179648K
  class space    used 13304K, committed 14272K, reserved 1048576K
}
Event: 72.229 GC heap after
{Heap after GC invocations=85 (full 0):
 garbage-first heap   total 764928K, used 225035K [0x0000000080000000, 0x0000000100000000)
  region size 1024K, 12 young (12288K), 12 survivors (12288K)
 Metaspace       used 99392K, committed 101440K, reserved 1179648K
  class space    used 13304K, committed 14272K, reserved 1048576K
}
Event: 74.320 GC heap before
{Heap before GC invocations=85 (full 0):
 garbage-first heap   total 764928K, used 674571K [0x0000000080000000, 0x0000000100000000)
  region size 1024K, 448 young (458752K), 12 survivors (12288K)
 Metaspace       used 99413K, committed 101440K, reserved 1179648K
  class space    used 13304K, committed 14272K, reserved 1048576K
}
Event: 74.329 GC heap after
{Heap after GC invocations=86 (full 0):
 garbage-first heap   total 764928K, used 228418K [0x0000000080000000, 0x0000000100000000)
  region size 1024K, 13 young (13312K), 13 survivors (13312K)
 Metaspace       used 99413K, committed 101440K, reserved 1179648K
  class space    used 13304K, committed 14272K, reserved 1048576K
}
Event: 76.331 GC heap before
{Heap before GC invocations=86 (full 0):
 garbage-first heap   total 764928K, used 685122K [0x0000000080000000, 0x0000000100000000)
  region size 1024K, 448 young (458752K), 13 survivors (13312K)
 Metaspace       used 99431K, committed 101440K, reserved 1179648K
  class space    used 13305K, committed 14272K, reserved 1048576K
}
Event: 76.339 GC heap after
{Heap after GC invocations=87 (full 0):
 garbage-first heap   total 764928K, used 238194K [0x0000000080000000, 0x0000000100000000)
  region size 1024K, 17 young (17408K), 17 survivors (17408K)
 Metaspace       used 99431K, committed 101440K, reserved 1179648K
  class space    used 13305K, committed 14272K, reserved 1048576K
}
Event: 80.051 GC heap before
{Heap before GC invocations=87 (full 0):
 garbage-first heap   total 764928K, used 580210K [0x0000000080000000, 0x0000000100000000)
  region size 1024K, 344 young (352256K), 17 survivors (17408K)
 Metaspace       used 124295K, committed 126464K, reserved 1179648K
  class space    used 16531K, committed 17536K, reserved 1048576K
}
Event: 80.066 GC heap after
{Heap after GC invocations=88 (full 0):
 garbage-first heap   total 764928K, used 259568K [0x0000000080000000, 0x0000000100000000)
  region size 1024K, 33 young (33792K), 33 survivors (33792K)
 Metaspace       used 124295K, committed 126464K, reserved 1179648K
  class space    used 16531K, committed 17536K, reserved 1048576K
}

Dll operation events (3 events):
Event: 0.018 Loaded shared library C:\Program Files\Android\Android Studio5\jbr\bin\java.dll
Event: 0.039 Loaded shared library C:\Program Files\Android\Android Studio5\jbr\bin\zip.dll
Event: 0.893 Loaded shared library C:\Program Files\Android\Android Studio5\jbr\bin\verify.dll

Deoptimization events (20 events):
Event: 79.769 Thread 0x000002027199d700 DEOPT PACKING pc=0x000002025e4b6cf8 sp=0x0000001e390f5bd0
Event: 79.769 Thread 0x000002027199d700 DEOPT UNPACKING pc=0x000002025cec7aa2 sp=0x0000001e390f5ab8 mode 2
Event: 79.778 Thread 0x000002027199d700 Uncommon trap: trap_request=0xffffffde fr.pc=0x000002025e4aaf14 relative=0x0000000000000534
Event: 79.778 Thread 0x000002027199d700 Uncommon trap: reason=class_check action=maybe_recompile pc=0x000002025e4aaf14 method=java.util.AbstractCollection.toArray([Ljava/lang/Object;)[Ljava/lang/Object; @ 26 c2
Event: 79.778 Thread 0x000002027199d700 DEOPT PACKING pc=0x000002025e4aaf14 sp=0x0000001e390f6aa0
Event: 79.778 Thread 0x000002027199d700 DEOPT UNPACKING pc=0x000002025cec7aa2 sp=0x0000001e390f6a70 mode 2
Event: 79.816 Thread 0x000002027199d700 Uncommon trap: trap_request=0xffffffc6 fr.pc=0x000002025e1d1788 relative=0x0000000000000228
Event: 79.816 Thread 0x000002027199d700 Uncommon trap: reason=bimorphic_or_optimized_type_check action=maybe_recompile pc=0x000002025e1d1788 method=com.google.common.collect.ImmutableList.listIterator(I)Lcom/google/common/collect/UnmodifiableListIterator; @ 6 c2
Event: 79.816 Thread 0x000002027199d700 DEOPT PACKING pc=0x000002025e1d1788 sp=0x0000001e390f7180
Event: 79.816 Thread 0x000002027199d700 DEOPT UNPACKING pc=0x000002025cec7aa2 sp=0x0000001e390f7128 mode 2
Event: 79.816 Thread 0x000002027199d700 Uncommon trap: trap_request=0xffffffc6 fr.pc=0x000002025e1d1788 relative=0x0000000000000228
Event: 79.816 Thread 0x000002027199d700 Uncommon trap: reason=bimorphic_or_optimized_type_check action=maybe_recompile pc=0x000002025e1d1788 method=com.google.common.collect.ImmutableList.listIterator(I)Lcom/google/common/collect/UnmodifiableListIterator; @ 6 c2
Event: 79.816 Thread 0x000002027199d700 DEOPT PACKING pc=0x000002025e1d1788 sp=0x0000001e390f6f90
Event: 79.816 Thread 0x000002027199d700 DEOPT UNPACKING pc=0x000002025cec7aa2 sp=0x0000001e390f6f38 mode 2
Event: 80.078 Thread 0x000002027199d700 DEOPT PACKING pc=0x000002025709cf68 sp=0x0000001e390f55d0
Event: 80.078 Thread 0x000002027199d700 DEOPT UNPACKING pc=0x000002025cec85e2 sp=0x0000001e390f4ad0 mode 0
Event: 80.314 Thread 0x000002027199d700 Uncommon trap: trap_request=0xffffff45 fr.pc=0x000002025d8076d4 relative=0x0000000000000134
Event: 80.314 Thread 0x000002027199d700 Uncommon trap: reason=unstable_if action=reinterpret pc=0x000002025d8076d4 method=jdk.internal.org.objectweb.asm.ByteVector.putInt(I)Ljdk/internal/org/objectweb/asm/ByteVector; @ 13 c2
Event: 80.314 Thread 0x000002027199d700 DEOPT PACKING pc=0x000002025d8076d4 sp=0x0000001e390f6a20
Event: 80.314 Thread 0x000002027199d700 DEOPT UNPACKING pc=0x000002025cec7aa2 sp=0x0000001e390f69b8 mode 2

Classes loaded (20 events):
Event: 79.448 Loading class javax/management/NotificationFilter
Event: 79.448 Loading class javax/management/NotificationFilter done
Event: 79.448 Loading class javax/management/ListenerNotFoundException
Event: 79.448 Loading class javax/management/OperationsException
Event: 79.448 Loading class javax/management/JMException
Event: 79.448 Loading class javax/management/JMException done
Event: 79.448 Loading class javax/management/OperationsException done
Event: 79.448 Loading class javax/management/ListenerNotFoundException done
Event: 79.448 Loading class jdk/jfr/Recording
Event: 79.448 Loading class jdk/jfr/Recording done
Event: 79.448 Loading class jdk/jfr/FlightRecorder
Event: 79.449 Loading class jdk/jfr/FlightRecorder done
Event: 79.449 Loading class jdk/management/jfr/FlightRecorderMXBeanImpl$MXBeanListener
Event: 79.449 Loading class jdk/jfr/FlightRecorderListener
Event: 79.449 Loading class jdk/jfr/FlightRecorderListener done
Event: 79.449 Loading class jdk/management/jfr/FlightRecorderMXBeanImpl$MXBeanListener done
Event: 79.474 Loading class com/sun/jmx/mbeanserver/StandardMBeanSupport
Event: 79.474 Loading class com/sun/jmx/mbeanserver/StandardMBeanSupport done
Event: 79.474 Loading class com/sun/jmx/mbeanserver/StandardMBeanIntrospector
Event: 79.474 Loading class com/sun/jmx/mbeanserver/StandardMBeanIntrospector done

Classes unloaded (20 events):
Event: 34.073 Thread 0x000002026b769f60 Unloading class 0x0000000100ba8948 '_BuildScript_$_run_closure1$_closure2'
Event: 34.073 Thread 0x000002026b769f60 Unloading class 0x0000000100ba8528 '_BuildScript_$_run_closure1'
Event: 34.073 Thread 0x000002026b769f60 Unloading class 0x0000000100ba8000 '_BuildScript_'
Event: 34.073 Thread 0x000002026b769f60 Unloading class 0x0000000100a0b840 '_BuildScript_$_run_closure2'
Event: 34.073 Thread 0x000002026b769f60 Unloading class 0x0000000100a0b420 '_BuildScript_$_run_closure1$_closure3$_closure4$_closure5'
Event: 34.073 Thread 0x000002026b769f60 Unloading class 0x0000000100a0b000 '_BuildScript_$_run_closure1$_closure3$_closure4'
Event: 34.073 Thread 0x000002026b769f60 Unloading class 0x0000000100a0a948 '_BuildScript_$_run_closure1$_closure3'
Event: 34.073 Thread 0x000002026b769f60 Unloading class 0x0000000100a0a528 '_BuildScript_$_run_closure1'
Event: 34.073 Thread 0x000002026b769f60 Unloading class 0x0000000100a0a000 '_BuildScript_'
Event: 34.073 Thread 0x000002026b769f60 Unloading class 0x00000001009e2420 '_BuildScript_$_run_closure1$_closure3'
Event: 34.073 Thread 0x000002026b769f60 Unloading class 0x00000001009e2000 '_BuildScript_$_run_closure1$_closure2'
Event: 34.073 Thread 0x000002026b769f60 Unloading class 0x00000001009e1948 '_BuildScript_$_run_closure1'
Event: 34.073 Thread 0x000002026b769f60 Unloading class 0x00000001009e1420 '_BuildScript_'
Event: 34.073 Thread 0x000002026b769f60 Unloading class 0x00000001009e1000 'JetGradlePlugin$_apply_closure1$_closure2$_closure3'
Event: 34.073 Thread 0x000002026b769f60 Unloading class 0x00000001009e09f0 'JetGradlePlugin$_apply_closure1$_closure2'
Event: 34.073 Thread 0x000002026b769f60 Unloading class 0x00000001009e05d0 'JetGradlePlugin$_apply_closure1'
Event: 34.073 Thread 0x000002026b769f60 Unloading class 0x00000001009e0300 'JetGradlePlugin'
Event: 34.073 Thread 0x000002026b769f60 Unloading class 0x00000001009e0000 'RegistryProcessor'
Event: 46.676 Thread 0x000002026b769f60 Unloading class 0x0000000100dcd530 '_BuildScript_$_run_closure1'
Event: 46.676 Thread 0x000002026b769f60 Unloading class 0x0000000100dcd000 '_BuildScript_'

Classes redefined (0 events):
No events

Internal exceptions (20 events):
Event: 80.367 Thread 0x000002027199d700 Exception <a 'sun/nio/fs/WindowsException'{0x00000000abeb1970}> (0x00000000abeb1970) 
thrown [s\src\hotspot\share\prims\jni.cpp, line 537]
Event: 80.369 Thread 0x000002027199d700 Exception <a 'sun/nio/fs/WindowsException'{0x00000000abed8720}> (0x00000000abed8720) 
thrown [s\src\hotspot\share\prims\jni.cpp, line 537]
Event: 80.369 Thread 0x000002027199d700 Exception <a 'sun/nio/fs/WindowsException'{0x00000000abeda390}> (0x00000000abeda390) 
thrown [s\src\hotspot\share\prims\jni.cpp, line 537]
Event: 80.369 Thread 0x000002027199d700 Exception <a 'sun/nio/fs/WindowsException'{0x00000000abedc2c0}> (0x00000000abedc2c0) 
thrown [s\src\hotspot\share\prims\jni.cpp, line 537]
Event: 80.369 Thread 0x000002027199d700 Exception <a 'sun/nio/fs/WindowsException'{0x00000000abede178}> (0x00000000abede178) 
thrown [s\src\hotspot\share\prims\jni.cpp, line 537]
Event: 80.370 Thread 0x000002027199d700 Exception <a 'sun/nio/fs/WindowsException'{0x00000000abee01b8}> (0x00000000abee01b8) 
thrown [s\src\hotspot\share\prims\jni.cpp, line 537]
Event: 80.374 Thread 0x000002027199d700 Exception <a 'sun/nio/fs/WindowsException'{0x00000000abee2510}> (0x00000000abee2510) 
thrown [s\src\hotspot\share\prims\jni.cpp, line 537]
Event: 80.375 Thread 0x000002027199d700 Exception <a 'sun/nio/fs/WindowsException'{0x00000000abee55e0}> (0x00000000abee55e0) 
thrown [s\src\hotspot\share\prims\jni.cpp, line 537]
Event: 80.375 Thread 0x000002027199d700 Exception <a 'sun/nio/fs/WindowsException'{0x00000000abee7228}> (0x00000000abee7228) 
thrown [s\src\hotspot\share\prims\jni.cpp, line 537]
Event: 80.375 Thread 0x000002027199d700 Exception <a 'sun/nio/fs/WindowsException'{0x00000000abee9de0}> (0x00000000abee9de0) 
thrown [s\src\hotspot\share\prims\jni.cpp, line 537]
Event: 80.375 Thread 0x000002027199d700 Exception <a 'sun/nio/fs/WindowsException'{0x00000000abeeba30}> (0x00000000abeeba30) 
thrown [s\src\hotspot\share\prims\jni.cpp, line 537]
Event: 80.376 Thread 0x000002027199d700 Exception <a 'sun/nio/fs/WindowsException'{0x00000000abef01e8}> (0x00000000abef01e8) 
thrown [s\src\hotspot\share\prims\jni.cpp, line 537]
Event: 80.377 Thread 0x000002027199d700 Exception <a 'sun/nio/fs/WindowsException'{0x00000000abef2100}> (0x00000000abef2100) 
thrown [s\src\hotspot\share\prims\jni.cpp, line 537]
Event: 80.377 Thread 0x000002027199d700 Exception <a 'sun/nio/fs/WindowsException'{0x00000000abef4010}> (0x00000000abef4010) 
thrown [s\src\hotspot\share\prims\jni.cpp, line 537]
Event: 80.378 Thread 0x000002027199d700 Exception <a 'sun/nio/fs/WindowsException'{0x00000000abef7d28}> (0x00000000abef7d28) 
thrown [s\src\hotspot\share\prims\jni.cpp, line 537]
Event: 80.379 Thread 0x000002027199d700 Exception <a 'sun/nio/fs/WindowsException'{0x00000000abefb590}> (0x00000000abefb590) 
thrown [s\src\hotspot\share\prims\jni.cpp, line 537]
Event: 80.379 Thread 0x000002027199d700 Exception <a 'sun/nio/fs/WindowsException'{0x00000000abeff658}> (0x00000000abeff658) 
thrown [s\src\hotspot\share\prims\jni.cpp, line 537]
Event: 80.381 Thread 0x000002027199d700 Exception <a 'sun/nio/fs/WindowsException'{0x00000000abd0d7e0}> (0x00000000abd0d7e0) 
thrown [s\src\hotspot\share\prims\jni.cpp, line 537]
Event: 80.407 Thread 0x000002027199d700 Exception <a 'sun/nio/fs/WindowsException'{0x00000000abb2b460}> (0x00000000abb2b460) 
thrown [s\src\hotspot\share\prims\jni.cpp, line 537]
Event: 80.409 Thread 0x000002027199d700 Exception <a 'sun/nio/fs/WindowsException'{0x00000000abb401c8}> (0x00000000abb401c8) 
thrown [s\src\hotspot\share\prims\jni.cpp, line 537]

ZGC Phase Switch (0 events):
No events

VM Operations (20 events):
Event: 77.697 Executing VM operation: HandshakeAllThreads (Deoptimize)
Event: 77.697 Executing VM operation: HandshakeAllThreads (Deoptimize) done
Event: 77.697 Executing VM operation: Cleanup
Event: 77.697 Executing VM operation: Cleanup done
Event: 77.858 Executing VM operation: HandshakeAllThreads (Deoptimize)
Event: 77.858 Executing VM operation: HandshakeAllThreads (Deoptimize) done
Event: 78.867 Executing VM operation: Cleanup
Event: 78.868 Executing VM operation: Cleanup done
Event: 79.505 Executing VM operation: HandshakeAllThreads (Deoptimize)
Event: 79.505 Executing VM operation: HandshakeAllThreads (Deoptimize) done
Event: 79.513 Executing VM operation: HandshakeAllThreads (Deoptimize)
Event: 79.514 Executing VM operation: HandshakeAllThreads (Deoptimize) done
Event: 79.543 Executing VM operation: HandshakeAllThreads (Deoptimize)
Event: 79.543 Executing VM operation: HandshakeAllThreads (Deoptimize) done
Event: 79.673 Executing VM operation: HandshakeAllThreads (Deoptimize)
Event: 79.673 Executing VM operation: HandshakeAllThreads (Deoptimize) done
Event: 79.787 Executing VM operation: ICBufferFull
Event: 79.787 Executing VM operation: ICBufferFull done
Event: 80.051 Executing VM operation: G1TryInitiateConcMark (G1 Humongous Allocation)
Event: 80.066 Executing VM operation: G1TryInitiateConcMark (G1 Humongous Allocation) done

Memory protections (0 events):
No events

Nmethod flushes (20 events):
Event: 62.722 Thread 0x000002026b769f60 flushing  nmethod 0x0000020255ac1f10
Event: 62.722 Thread 0x000002026b769f60 flushing  nmethod 0x0000020255c81e10
Event: 62.722 Thread 0x000002026b769f60 flushing  nmethod 0x000002025634b890
Event: 62.722 Thread 0x000002026b769f60 flushing  nmethod 0x00000202565d8690
Event: 62.722 Thread 0x000002026b769f60 flushing  nmethod 0x0000020256689110
Event: 62.722 Thread 0x000002026b769f60 flushing  nmethod 0x0000020256690210
Event: 62.722 Thread 0x000002026b769f60 flushing  nmethod 0x00000202567da310
Event: 62.722 Thread 0x000002026b769f60 flushing  nmethod 0x0000020256963390
Event: 62.722 Thread 0x000002026b769f60 flushing  nmethod 0x0000020255b3e690
Event: 62.722 Thread 0x000002026b769f60 flushing  nmethod 0x0000020256170690
Event: 62.722 Thread 0x000002026b769f60 flushing  nmethod 0x0000020256258a10
Event: 62.722 Thread 0x000002026b769f60 flushing  nmethod 0x0000020256b38d90
Event: 62.722 Thread 0x000002026b769f60 flushing  nmethod 0x0000020256c84f10
Event: 62.722 Thread 0x000002026b769f60 flushing  nmethod 0x0000020256c85590
Event: 62.722 Thread 0x000002026b769f60 flushing  nmethod 0x0000020255a52090
Event: 62.722 Thread 0x000002026b769f60 flushing  nmethod 0x0000020255af7010
Event: 62.722 Thread 0x000002026b769f60 flushing  nmethod 0x0000020255af9210
Event: 62.722 Thread 0x000002026b769f60 flushing  nmethod 0x0000020256388010
Event: 62.722 Thread 0x000002026b769f60 flushing  nmethod 0x00000202567a9d90
Event: 62.722 Thread 0x000002026b769f60 flushing  nmethod 0x00000202567ac190

Events (20 events):
Event: 75.892 Thread 0x000002026b83d2e0 Thread added: 0x000002026b846420
Event: 76.038 Thread 0x000002026b846420 Thread exited: 0x000002026b846420
Event: 76.409 Thread 0x000002026b846af0 Thread added: 0x000002026b847890
Event: 76.507 Thread 0x000002026b846af0 Thread added: 0x000002026b846420
Event: 76.745 Thread 0x000002026b846420 Thread exited: 0x000002026b846420
Event: 76.955 Thread 0x000002026b847890 Thread exited: 0x000002026b847890
Event: 77.305 Thread 0x000002026b846af0 Thread added: 0x0000020275592980
Event: 77.393 Thread 0x000002026b846af0 Thread added: 0x000002027558f9d0
Event: 77.393 Thread 0x000002026b846af0 Thread added: 0x0000020275593720
Event: 77.427 Thread 0x0000020275592980 Thread added: 0x0000020275593df0
Event: 77.746 Thread 0x000002027199d700 Thread added: 0x00000202761d9930
Event: 78.688 Thread 0x000002027199d700 Thread added: 0x00000202761dc090
Event: 79.195 Thread 0x0000020275593df0 Thread exited: 0x0000020275593df0
Event: 79.408 Thread 0x000002026b846af0 Thread added: 0x00000202767a3f20
Event: 79.409 Thread 0x0000020275592980 Thread added: 0x00000202767a5a60
Event: 79.517 Thread 0x000002027199d700 Thread added: 0x00000202761de7f0
Event: 79.665 Thread 0x00000202767a5a60 Thread exited: 0x00000202767a5a60
Event: 79.734 Thread 0x00000202767a3f20 Thread exited: 0x00000202767a3f20
Event: 80.229 Thread 0x000002027558f9d0 Thread added: 0x00000202767a5390
Event: 80.297 Thread 0x000002027558f9d0 Thread added: 0x00000202767a4cc0


Dynamic libraries:
0x00007ff652a10000 - 0x00007ff652a1a000 	C:\Program Files\Android\Android Studio5\jbr\bin\java.exe
0x00007ffe69f40000 - 0x00007ffe6a1a8000 	C:\Windows\SYSTEM32\ntdll.dll
0x00007ffe68560000 - 0x00007ffe68629000 	C:\Windows\System32\KERNEL32.DLL
0x00007ffe668d0000 - 0x00007ffe66cc1000 	C:\Windows\System32\KERNELBASE.dll
0x00007ffe66f00000 - 0x00007ffe6704b000 	C:\Windows\System32\ucrtbase.dll
0x00007ffe44d00000 - 0x00007ffe44d1b000 	C:\Program Files\Android\Android Studio5\jbr\bin\VCRUNTIME140.dll
0x00007ffdfcd80000 - 0x00007ffdfcd98000 	C:\Program Files\Android\Android Studio5\jbr\bin\jli.dll
0x00007ffe69c70000 - 0x00007ffe69e36000 	C:\Windows\System32\USER32.dll
0x00007ffe523a0000 - 0x00007ffe52633000 	C:\Windows\WinSxS\amd64_microsoft.windows.common-controls_6595b64144ccf1df_6.0.26100.7824_none_3e0870b2e3345462\COMCTL32.dll
0x00007ffe67050000 - 0x00007ffe67077000 	C:\Windows\System32\win32u.dll
0x00007ffe69bc0000 - 0x00007ffe69c69000 	C:\Windows\System32\msvcrt.dll
0x00007ffe69520000 - 0x00007ffe6954b000 	C:\Windows\System32\GDI32.dll
0x00007ffe67080000 - 0x00007ffe671ab000 	C:\Windows\System32\gdi32full.dll
0x00007ffe66820000 - 0x00007ffe668c3000 	C:\Windows\System32\msvcp_win.dll
0x00007ffe69220000 - 0x00007ffe69251000 	C:\Windows\System32\IMM32.DLL
0x00007ffe46780000 - 0x00007ffe4678c000 	C:\Program Files\Android\Android Studio5\jbr\bin\vcruntime140_1.dll
0x00007ffdebae0000 - 0x00007ffdebb6d000 	C:\Program Files\Android\Android Studio5\jbr\bin\msvcp140.dll
0x00007ffd85280000 - 0x00007ffd85f16000 	C:\Program Files\Android\Android Studio5\jbr\bin\server\jvm.dll
0x00007ffe69e40000 - 0x00007ffe69ef4000 	C:\Windows\System32\ADVAPI32.dll
0x00007ffe69470000 - 0x00007ffe69516000 	C:\Windows\System32\sechost.dll
0x00007ffe682b0000 - 0x00007ffe683c8000 	C:\Windows\System32\RPCRT4.dll
0x00007ffe68490000 - 0x00007ffe68504000 	C:\Windows\System32\WS2_32.dll
0x00007ffe59250000 - 0x00007ffe59285000 	C:\Windows\SYSTEM32\WINMM.dll
0x00007ffe65430000 - 0x00007ffe6548e000 	C:\Windows\SYSTEM32\POWRPROF.dll
0x00007ffe64680000 - 0x00007ffe6468b000 	C:\Windows\SYSTEM32\VERSION.dll
0x00007ffe65410000 - 0x00007ffe65424000 	C:\Windows\SYSTEM32\UMPDC.dll
0x00007ffe656e0000 - 0x00007ffe656fb000 	C:\Windows\SYSTEM32\kernel.appcore.dll
0x00007ffe42f40000 - 0x00007ffe42f4a000 	C:\Program Files\Android\Android Studio5\jbr\bin\jimage.dll
0x00007ffe64860000 - 0x00007ffe64aa2000 	C:\Windows\SYSTEM32\DBGHELP.DLL
0x00007ffe67f20000 - 0x00007ffe682a6000 	C:\Windows\System32\combase.dll
0x00007ffe69390000 - 0x00007ffe69467000 	C:\Windows\System32\OLEAUT32.dll
0x00007ffe47390000 - 0x00007ffe473cb000 	C:\Windows\SYSTEM32\dbgcore.DLL
0x00007ffe66e50000 - 0x00007ffe66ef5000 	C:\Windows\System32\bcryptPrimitives.dll
0x00007ffe37b20000 - 0x00007ffe37b2e000 	C:\Program Files\Android\Android Studio5\jbr\bin\instrument.dll
0x00007ffe3d1b0000 - 0x00007ffe3d1d0000 	C:\Program Files\Android\Android Studio5\jbr\bin\java.dll
0x00007ffe38770000 - 0x00007ffe38788000 	C:\Program Files\Android\Android Studio5\jbr\bin\zip.dll
0x00007ffe68ac0000 - 0x00007ffe69212000 	C:\Windows\System32\SHELL32.dll
0x00007ffe67a20000 - 0x00007ffe67b8a000 	C:\Windows\System32\wintypes.dll
0x00007ffe671b0000 - 0x00007ffe67a13000 	C:\Windows\System32\windows.storage.dll
0x00007ffe69610000 - 0x00007ffe69706000 	C:\Windows\System32\SHCORE.dll
0x00007ffe67eb0000 - 0x00007ffe67f17000 	C:\Windows\System32\shlwapi.dll
0x00007ffe66740000 - 0x00007ffe66769000 	C:\Windows\SYSTEM32\profapi.dll
0x00007ffe41cd0000 - 0x00007ffe41ce0000 	C:\Program Files\Android\Android Studio5\jbr\bin\net.dll
0x00007ffe5ef30000 - 0x00007ffe5f057000 	C:\Windows\SYSTEM32\WINHTTP.dll
0x00007ffe65c50000 - 0x00007ffe65cbb000 	C:\Windows\system32\mswsock.dll
0x00007ffe385f0000 - 0x00007ffe38606000 	C:\Program Files\Android\Android Studio5\jbr\bin\nio.dll
0x00007ffe38950000 - 0x00007ffe38960000 	C:\Program Files\Android\Android Studio5\jbr\bin\verify.dll
0x00007ffe42f80000 - 0x00007ffe42fa7000 	E:\NammaKathey\NammaKathey\NammaKathey\native\1def1411415f61bf3af743bc5b6707747c0891f09f0c88961ee8f79bc544acac\windows-amd64\native-platform.dll
0x00007ffe37cf0000 - 0x00007ffe37d67000 	E:\NammaKathey\NammaKathey\NammaKathey\native\0.2.8\x86_64-windows-gnu\gradle-fileevents.dll
0x00007ffe413f0000 - 0x00007ffe413f9000 	C:\Program Files\Android\Android Studio5\jbr\bin\management.dll
0x00007ffe3fc70000 - 0x00007ffe3fc7b000 	C:\Program Files\Android\Android Studio5\jbr\bin\management_ext.dll
0x00007ffe67e90000 - 0x00007ffe67e98000 	C:\Windows\System32\PSAPI.DLL
0x00007ffe64f50000 - 0x00007ffe64f84000 	C:\Windows\SYSTEM32\IPHLPAPI.DLL
0x00007ffe69380000 - 0x00007ffe6938a000 	C:\Windows\System32\NSI.dll
0x00007ffe41930000 - 0x00007ffe41939000 	C:\Program Files\Android\Android Studio5\jbr\bin\extnet.dll
0x00007ffe65f20000 - 0x00007ffe65f3b000 	C:\Windows\SYSTEM32\CRYPTSP.dll
0x00007ffe65640000 - 0x00007ffe65679000 	C:\Windows\system32\rsaenh.dll
0x00007ffe65d00000 - 0x00007ffe65d2b000 	C:\Windows\SYSTEM32\USERENV.dll
0x00007ffe66710000 - 0x00007ffe6673a000 	C:\Windows\SYSTEM32\bcrypt.dll
0x00007ffe65f40000 - 0x00007ffe65f4c000 	C:\Windows\SYSTEM32\CRYPTBASE.dll
0x00007ffe13d30000 - 0x00007ffe13d38000 	C:\Windows\system32\wshunix.dll
0x00007ffe65800000 - 0x00007ffe65836000 	C:\Windows\SYSTEM32\ntmarta.dll
0x00007ffe64f90000 - 0x00007ffe650bc000 	C:\Windows\SYSTEM32\DNSAPI.dll
0x00007ffe5fab0000 - 0x00007ffe5fabb000 	C:\Windows\System32\rasadhlp.dll
0x00007ffe60a90000 - 0x00007ffe60b16000 	C:\Windows\System32\fwpuclnt.dll

JVMTI agents:
E:\NammaKathey\NammaKathey\NammaKathey\wrapper\dists\gradle-9.0.0-bin\d6wjpkvcgsg3oed0qlfss3wgl\gradle-9.0.0\lib\agents\gradle-instrumentation-agent-9.0.0.jar path:C:\Program Files\Android\Android Studio5\jbr\bin\instrument.dll, loaded, initialized, instrumentlib options:none

dbghelp: loaded successfully - version: 4.0.5 - missing functions: none
symbol engine: initialized successfully - sym options: 0x614 - pdb path: .;C:\Program Files\Android\Android Studio5\jbr\bin;C:\Windows\SYSTEM32;C:\Windows\WinSxS\amd64_microsoft.windows.common-controls_6595b64144ccf1df_6.0.26100.7824_none_3e0870b2e3345462;C:\Program Files\Android\Android Studio5\jbr\bin\server;E:\NammaKathey\NammaKathey\NammaKathey\native\1def1411415f61bf3af743bc5b6707747c0891f09f0c88961ee8f79bc544acac\windows-amd64;E:\NammaKathey\NammaKathey\NammaKathey\native\0.2.8\x86_64-windows-gnu

VM Arguments:
jvm_args: --add-opens=java.base/java.lang=ALL-UNNAMED --add-opens=java.base/java.lang.invoke=ALL-UNNAMED --add-opens=java.base/java.util=ALL-UNNAMED --add-opens=java.prefs/java.util.prefs=ALL-UNNAMED --add-exports=jdk.compiler/com.sun.tools.javac.api=ALL-UNNAMED --add-exports=jdk.compiler/com.sun.tools.javac.util=ALL-UNNAMED --add-opens=java.base/java.util=ALL-UNNAMED --add-opens=java.prefs/java.util.prefs=ALL-UNNAMED --add-opens=java.base/java.nio.charset=ALL-UNNAMED --add-opens=java.base/java.net=ALL-UNNAMED --add-opens=java.base/java.util.concurrent=ALL-UNNAMED --add-opens=java.base/java.util.concurrent.atomic=ALL-UNNAMED --add-opens=java.xml/javax.xml.namespace=ALL-UNNAMED -Xmx2048m -Dfile.encoding=UTF-8 -Duser.country=IN -Duser.language=en -Duser.variant -javaagent:E:\NammaKathey\NammaKathey\NammaKathey\wrapper\dists\gradle-9.0.0-bin\d6wjpkvcgsg3oed0qlfss3wgl\gradle-9.0.0\lib\agents\gradle-instrumentation-agent-9.0.0.jar 
java_command: org.gradle.launcher.daemon.bootstrap.GradleDaemon 9.0.0
java_class_path (initial): E:\NammaKathey\NammaKathey\NammaKathey\wrapper\dists\gradle-9.0.0-bin\d6wjpkvcgsg3oed0qlfss3wgl\gradle-9.0.0\lib\gradle-daemon-main-9.0.0.jar
Launcher Type: SUN_STANDARD

[Global flags]
     intx CICompilerCount                          = 12                                        {product} {ergonomic}
     uint ConcGCThreads                            = 5                                         {product} {ergonomic}
     uint G1ConcRefinementThreads                  = 18                                        {product} {ergonomic}
   size_t G1HeapRegionSize                         = 1048576                                   {product} {ergonomic}
    uintx GCDrainStackTargetSize                   = 64                                        {product} {ergonomic}
   size_t InitialHeapSize                          = 387973120                                 {product} {ergonomic}
   size_t MarkStackSize                            = 4194304                                   {product} {ergonomic}
   size_t MaxHeapSize                              = 2147483648                                {product} {command line}
   size_t MaxNewSize                               = 1287651328                                {product} {ergonomic}
   size_t MinHeapDeltaBytes                        = 1048576                                   {product} {ergonomic}
   size_t MinHeapSize                              = 8388608                                   {product} {ergonomic}
    uintx NonNMethodCodeHeapSize                   = 7602480                                {pd product} {ergonomic}
    uintx NonProfiledCodeHeapSize                  = 122027880                              {pd product} {ergonomic}
    uintx ProfiledCodeHeapSize                     = 122027880                              {pd product} {ergonomic}
    uintx ReservedCodeCacheSize                    = 251658240                              {pd product} {ergonomic}
     bool SegmentedCodeCache                       = true                                      {product} {ergonomic}
   size_t SoftMaxHeapSize                          = 2147483648                             {manageable} {ergonomic}
     bool UseCompressedOops                        = true                           {product lp64_product} {ergonomic}
     bool UseG1GC                                  = true                                      {product} {ergonomic}
     bool UseLargePagesIndividualAllocation        = false                                  {pd product} {ergonomic}

Logging:
Log output configuration:
 #0: stdout all=warning uptime,level,tags foldmultilines=false
 #1: stderr all=off uptime,level,tags foldmultilines=false

Release file:
JAVA_VERSION="21.0.9" 
MODULES="java.base java.compiler java.datatransfer java.xml java.prefs java.desktop java.instrument java.logging java.management java.security.sasl java.naming java.rmi java.management.rmi java.net.http java.scripting java.security.jgss java.transaction.xa java.sql java.sql.rowset java.xml.crypto java.se java.smartcardio jdk.accessibility jdk.internal.jvmstat jdk.attach jdk.charsets jdk.internal.opt jdk.zipfs jdk.compiler jdk.crypto.ec jdk.crypto.cryptoki jdk.dynalink jdk.hotspot.agent jdk.httpserver jdk.internal.ed jdk.internal.le jdk.internal.vm.ci jdk.jartool jdk.javadoc jdk.jcmd jdk.jdeps jdk.jdwp.agent jdk.jdi jdk.jfr jdk.jlink jdk.jsobject jdk.localedata jdk.management jdk.management.agent jdk.management.jfr jdk.naming.dns jdk.naming.rmi jdk.net jdk.sctp jdk.security.auth jdk.security.jgss jdk.unsupported jdk.unsupported.desktop jdk.xml.dom" 
IMPLEMENTOR="JetBrains s.r.o." 
JAVA_RUNTIME_VERSION="21.0.9+-14649483-b1163.86" 
LIBC="default" 
OS_ARCH="x86_64" 
OS_NAME="Windows" 
SOURCE=".:git:554d0c326095" 

Environment Variables:
JAVA_HOME=C:\Program Files\Android\Android Studio\jbr
PATH=C:\Python314\Scripts\;C:\Python314\;C:\Windows\system32;C:\Windows;C:\Windows\System32\Wbem;C:\Windows\System32\WindowsPowerShell\v1.0\;C:\Windows\System32\OpenSSH\;C:\Program Files\dotnet\;C:\ProgramData\chocolatey\bin;C:\Program Files\nodejs\;C:\Program Files\Git\cmd;C:\Users\satis\AppData\Local\Microsoft\WindowsApps;C:\Users\satis\AppData\Local\Programs\Antigravity\bin;C:\Users\satis\AppData\Roaming\npm
USERNAME=satis
OS=Windows_NT
PROCESSOR_IDENTIFIER=AMD64 Family 26 Model 36 Stepping 0, AuthenticAMD
TMP=C:\Users\satis\AppData\Local\Temp
TEMP=C:\Users\satis\AppData\Local\Temp




Periodic native trim disabled

JNI global refs:
JNI global refs: 36, weak refs: 0

JNI global refs memory usage: 835, weak refs: 833

Process memory usage:
Resident Set Size: 1184436K (4% of 24242028K total physical memory with 2268300K free physical memory)

OOME stack traces (most recent first):
Classloader memory used:
Loader org.gradle.internal.classloader.VisitableURLClassLoader                         : 51374K
Loader bootstrap                                                                       : 34507K
Loader org.gradle.internal.classloader.VisitableURLClassLoader$InstrumentingVisitableURLClassLoader: 16660K
Loader org.gradle.initialization.MixInLegacyTypesClassLoader                           : 12460K
Loader jdk.internal.loader.ClassLoaders$AppClassLoader                                 : 8233K
Loader org.gradle.internal.classloader.VisitableURLClassLoader                         : 1018K
Loader jdk.internal.loader.ClassLoaders$PlatformClassLoader                            : 938K
Loader jdk.internal.reflect.DelegatingClassLoader                                      : 425K
Loader org.gradle.groovy.scripts.internal.DefaultScriptCompilationHandler$ScriptClassLoader: 168K
Loader groovy.lang.GroovyClassLoader$InnerLoader                                       : 54272B

Classes loaded by more than one classloader:
Class com.google.common.collect.Iterators$MergingIterator                             : loaded 3 times (x 81B)
Class com.google.common.collect.PeekingIterator                                       : loaded 3 times (x 70B)
Class com.google.common.base.Preconditions                                            : loaded 3 times (x 71B)
Class org.gradle.internal.IoActions                                                   : loaded 3 times (x 71B)
Class org.gradle.api.GradleException                                                  : loaded 3 times (x 82B)
Class org.gradle.api.Action                                                           : loaded 3 times (x 70B)
Class org.gradle.internal.Cast                                                        : loaded 3 times (x 71B)
Class com.google.common.collect.Iterators$9                                           : loaded 3 times (x 81B)
Class com.google.common.collect.Lists                                                 : loaded 3 times (x 71B)
Class com.google.common.collect.ImmutableCollection                                   : loaded 3 times (x 125B)
Class com.google.common.collect.Iterators$5                                           : loaded 3 times (x 82B)
Class com.google.common.collect.Iterators$4                                           : loaded 3 times (x 82B)
Class com.google.common.collect.Iterators$1                                           : loaded 3 times (x 81B)
Class com.google.common.collect.AbstractIndexedListIterator                           : loaded 3 times (x 96B)
Class com.google.common.collect.AbstractIterator                                      : loaded 3 times (x 82B)
Class com.google.common.collect.Lists$StringAsImmutableList                           : loaded 3 times (x 207B)
Class com.google.common.collect.Iterators                                             : loaded 3 times (x 71B)
Class com.google.common.collect.UnmodifiableListIterator                              : loaded 3 times (x 95B)
Class com.google.common.collect.UnmodifiableIterator                                  : loaded 3 times (x 80B)
Class _BuildScript_                                                                   : loaded 3 times (x 166B)
Class com.google.common.collect.Iterators$ArrayItr                                    : loaded 3 times (x 97B)
Class com.google.common.collect.ImmutableList                                         : loaded 3 times (x 206B)
Class com.google.common.base.Platform$JdkPatternCompiler                              : loaded 2 times (x 75B)
Class org.gradle.internal.classloader.DefaultClassLoaderFactory                       : loaded 2 times (x 82B)
Class com.google.common.base.CharMatcher$None                                         : loaded 2 times (x 112B)
Class kotlin.collections.AbstractList$Companion                                       : loaded 2 times (x 71B)
Class org.gradle.internal.classloader.ClassLoaderVisitor                              : loaded 2 times (x 76B)
Class [Lcom.google.common.collect.ImmutableMapEntry;                                  : loaded 2 times (x 69B)
Class org.gradle.api.internal.classpath.EffectiveClassPath                            : loaded 2 times (x 90B)
Class com.google.common.collect.ImmutableEnumMap                                      : loaded 2 times (x 125B)
Class com.google.common.collect.ListMultimap                                          : loaded 2 times (x 70B)
Class org.gradle.tooling.internal.gradle.DefaultProjectIdentifier                     : loaded 2 times (x 86B)
Class com.google.common.collect.Sets$1                                                : loaded 2 times (x 139B)
Class org.objectweb.asm.AnnotationVisitor                                             : loaded 2 times (x 78B)
Class com.google.common.base.Splitter                                                 : loaded 2 times (x 72B)
Class org.gradle.api.internal.DefaultClassPathProvider                                : loaded 2 times (x 76B)
Class com.google.common.collect.Sets$2                                                : loaded 2 times (x 139B)
Class [Lorg.gradle.api.internal.ClassPathProvider;                                    : loaded 2 times (x 69B)
Class org.gradle.api.internal.ClassPathProvider                                       : loaded 2 times (x 70B)
Class [Lorg.objectweb.asm.AnnotationVisitor;                                          : loaded 2 times (x 69B)
Class com.google.common.collect.Sets$3                                                : loaded 2 times (x 139B)
Class com.google.common.cache.LocalCache$LocalLoadingCache                            : loaded 2 times (x 134B)
Class com.google.common.base.AbstractIterator$State                                   : loaded 2 times (x 79B)
Class org.gradle.internal.service.UnknownServiceException                             : loaded 2 times (x 83B)
Class com.google.common.collect.Sets$4                                                : loaded 2 times (x 139B)
Class org.objectweb.asm.ModuleVisitor                                                 : loaded 2 times (x 81B)
Class com.google.common.cache.LocalCache$Strength$1                                   : loaded 2 times (x 81B)
Class com.google.common.util.concurrent.SettableFuture                                : loaded 2 times (x 114B)
Class com.google.common.cache.LocalCache$Strength$2                                   : loaded 2 times (x 81B)
Class com.google.common.cache.LocalCache$Strength$3                                   : loaded 2 times (x 81B)
Class com.google.common.collect.MapDifference                                         : loaded 2 times (x 70B)
Class com.google.common.base.Splitter$1                                               : loaded 2 times (x 77B)
Class org.objectweb.asm.FieldWriter                                                   : loaded 2 times (x 78B)
Class com.google.common.cache.CacheBuilder$NullListener                               : loaded 2 times (x 82B)
Class org.gradle.internal.classpath.TransformedClassPath                              : loaded 2 times (x 96B)
Class org.gradle.internal.classloader.InstrumentingClassLoader                        : loaded 2 times (x 70B)
Class com.google.common.cache.CacheLoader$FunctionToCacheLoader                       : loaded 2 times (x 75B)
Class [Lcom.google.common.cache.CacheBuilder$OneWeigher;                              : loaded 2 times (x 69B)
Class com.google.common.collect.ImmutableCollection$Builder                           : loaded 2 times (x 76B)
Class kotlin.enums.EnumEntriesList                                                    : loaded 2 times (x 223B)
Class org.objectweb.asm.MethodTooLargeException                                       : loaded 2 times (x 83B)
Class com.google.common.base.Joiner                                                   : loaded 2 times (x 79B)
Class com.google.common.base.MoreObjects                                              : loaded 2 times (x 71B)
Class [Lorg.objectweb.asm.Type;                                                       : loaded 2 times (x 69B)
Class com.google.common.collect.Platform                                              : loaded 2 times (x 71B)
Class org.gradle.internal.operations.MultipleBuildOperationFailures                   : loaded 2 times (x 95B)
Class com.google.common.base.Splitter$5                                               : loaded 2 times (x 80B)
Class org.gradle.internal.service.ServiceLocator                                      : loaded 2 times (x 70B)
Class com.google.common.base.Ascii                                                    : loaded 2 times (x 71B)
Class com.google.common.collect.SingletonImmutableBiMap                               : loaded 2 times (x 143B)
Class com.google.common.cache.LocalCache$1                                            : loaded 2 times (x 89B)
Class com.google.common.collect.AbstractMapEntry                                      : loaded 2 times (x 81B)
Class com.intellij.gradle.toolingExtension.util.GradleVersionUtil                     : loaded 2 times (x 71B)
Class com.google.common.collect.Iterators$SingletonIterator                           : loaded 2 times (x 81B)
Class org.gradle.tooling.model.UnsupportedMethodException                             : loaded 2 times (x 82B)
Class com.google.common.cache.LocalCache$2                                            : loaded 2 times (x 142B)
Class com.google.common.collect.AbstractMultimap                                      : loaded 2 times (x 123B)
Class com.google.common.collect.RegularImmutableAsList                                : loaded 2 times (x 216B)
Class ijInit1_enpm3j8idxbl4wxbdt7qx6qto$_run_closure1                                 : loaded 2 times (x 140B)
Class com.google.common.util.concurrent.AbstractFuture$Trusted                        : loaded 2 times (x 70B)
Class org.objectweb.asm.ClassVisitor                                                  : loaded 2 times (x 88B)
Class com.google.common.util.concurrent.UncheckedExecutionException                   : loaded 2 times (x 82B)
Class [Lorg.objectweb.asm.Symbol;                                                     : loaded 2 times (x 69B)
Class org.gradle.internal.InternalTransformer                                         : loaded 2 times (x 70B)
Class org.objectweb.asm.ClassWriter                                                   : loaded 2 times (x 106B)
Class com.google.common.cache.CacheLoader$UnsupportedLoadingOperationException        : loaded 2 times (x 82B)
Class com.google.common.base.CharMatcher$And                                          : loaded 2 times (x 112B)
Class org.gradle.internal.time.DefaultTimer                                           : loaded 2 times (x 80B)
Class org.gradle.internal.classloader.ClasspathUtil$1                                 : loaded 2 times (x 76B)
Class org.objectweb.asm.FieldVisitor                                                  : loaded 2 times (x 77B)
Class com.google.common.collect.IndexedImmutableSet                                   : loaded 2 times (x 150B)
Class com.google.common.collect.ImmutableMap$1                                        : loaded 2 times (x 81B)
Class com.google.common.collect.BiMap                                                 : loaded 2 times (x 70B)
Class org.gradle.api.internal.classpath.DefaultModuleRegistry$DefaultModule           : loaded 2 times (x 86B)
Class com.google.common.primitives.Ints                                               : loaded 2 times (x 71B)
Class com.google.common.collect.ImmutableMap$MapViewOfValuesAsSingletonSets           : loaded 2 times (x 125B)
Class com.google.common.math.MathPreconditions                                        : loaded 2 times (x 71B)
Class com.google.common.collect.Multiset                                              : loaded 2 times (x 70B)
Class com.google.common.collect.ArrayListMultimapGwtSerializationDependencies         : loaded 2 times (x 172B)
Class com.google.common.collect.ObjectArrays                                          : loaded 2 times (x 71B)
Class com.google.common.collect.RegularImmutableMap                                   : loaded 2 times (x 121B)
Class org.gradle.internal.time.DefaultCountdownTimer                                  : loaded 2 times (x 88B)
Class com.google.common.collect.ImmutableMapEntrySet                                  : loaded 2 times (x 151B)
Class org.gradle.tooling.internal.gradle.DefaultBuildIdentifier                       : loaded 2 times (x 79B)
Class org.gradle.api.internal.classpath.Module                                        : loaded 2 times (x 70B)
Class com.google.common.cache.Weigher                                                 : loaded 2 times (x 70B)
Class org.gradle.api.internal.classpath.UnknownModuleException                        : loaded 2 times (x 82B)
Class com.google.common.base.Stopwatch                                                : loaded 2 times (x 72B)
Class com.google.common.cache.LocalCache$Strength                                     : loaded 2 times (x 81B)
Class com.google.common.cache.Cache                                                   : loaded 2 times (x 70B)
Class com.google.gson.stream.JsonReader$1                                             : loaded 2 times (x 72B)
Class com.google.common.util.concurrent.AbstractFuture$Cancellation                   : loaded 2 times (x 72B)
Class com.google.common.collect.ImmutableMap$Builder                                  : loaded 2 times (x 82B)
Class com.google.common.base.NullnessCasts                                            : loaded 2 times (x 71B)
Class com.google.common.cache.RemovalListener                                         : loaded 2 times (x 70B)
Class org.gradle.tooling.internal.gradle.GradleProjectIdentity                        : loaded 2 times (x 70B)
Class org.gradle.api.internal.DefaultClassPathRegistry                                : loaded 2 times (x 76B)
Class com.google.common.primitives.IntsMethodsForWeb                                  : loaded 2 times (x 71B)
Class com.google.common.collect.Multimap                                              : loaded 2 times (x 70B)
Class org.gradle.api.internal.ClassPathRegistry                                       : loaded 2 times (x 70B)
Class org.gradle.internal.classpath.DefaultClassPath$ImmutableUniqueList              : loaded 2 times (x 199B)
Class com.google.common.cache.CacheBuilder                                            : loaded 2 times (x 72B)
Class com.google.common.collect.SingletonImmutableList                                : loaded 2 times (x 207B)
Class org.gradle.internal.classpath.ClassPath                                         : loaded 2 times (x 70B)
Class com.google.common.collect.ImmutableList$ReverseImmutableList                    : loaded 2 times (x 208B)
Class com.google.common.base.JdkPattern                                               : loaded 2 times (x 75B)
Class org.objectweb.asm.SymbolTable$Entry                                             : loaded 2 times (x 74B)
Class com.google.gson.internal.JsonReaderInternalAccess                               : loaded 2 times (x 72B)
Class org.objectweb.asm.Edge                                                          : loaded 2 times (x 72B)
Class com.google.common.base.Suppliers$SupplierOfInstance                             : loaded 2 times (x 79B)
Class com.google.gson.stream.MalformedJsonException                                   : loaded 2 times (x 82B)
Class org.gradle.tooling.model.Model                                                  : loaded 2 times (x 70B)
Class com.google.common.cache.LocalCache$ComputingValueReference                      : loaded 2 times (x 96B)
Class com.google.common.collect.SingletonImmutableSet                                 : loaded 2 times (x 146B)
Class com.google.common.collect.ImmutableMap$IteratorBasedImmutableMap                : loaded 2 times (x 125B)
Class kotlin.UninitializedPropertyAccessException                                     : loaded 2 times (x 82B)
Class com.google.common.cache.LocalCache$Segment                                      : loaded 2 times (x 154B)
Class _BuildScript_$_run_closure1                                                     : loaded 2 times (x 132B)
Class [Lorg.objectweb.asm.SymbolTable$Entry;                                          : loaded 2 times (x 69B)
Class com.google.common.cache.CacheLoader                                             : loaded 2 times (x 74B)
Class org.gradle.api.internal.classpath.ManifestUtil                                  : loaded 2 times (x 71B)
Class com.google.common.collect.ImmutableBiMap                                        : loaded 2 times (x 143B)
Class com.google.common.collect.AbstractListMultimap                                  : loaded 2 times (x 172B)
Class org.gradle.internal.installation.GradleInstallation$1                           : loaded 2 times (x 75B)
Class org.gradle.api.internal.classpath.ModuleRegistry                                : loaded 2 times (x 70B)
Class com.google.common.util.concurrent.internal.InternalFutureFailureAccess          : loaded 2 times (x 72B)
Class com.google.common.collect.ImmutableList$1                                       : loaded 2 times (x 97B)
Class com.google.common.collect.ImmutableSet$JdkBackedSetBuilderImpl                  : loaded 2 times (x 76B)
Class com.google.common.base.Splitter$SplittingIterator                               : loaded 2 times (x 84B)
Class com.google.common.cache.LocalCache$LocalManualCache$1                           : loaded 2 times (x 75B)
Class com.google.common.base.CharMatcher$ForPredicate                                 : loaded 2 times (x 112B)
Class com.google.common.util.concurrent.ExecutionError                                : loaded 2 times (x 82B)
Class com.google.common.base.CharMatcher$AnyOf                                        : loaded 2 times (x 112B)
Class org.gradle.api.internal.classpath.DefaultModuleRegistry                         : loaded 2 times (x 86B)
Class com.google.common.util.concurrent.ListenableFuture                              : loaded 2 times (x 70B)
Class com.google.common.cache.ReferenceEntry                                          : loaded 2 times (x 70B)
Class com.google.common.collect.ImmutableSet$CachingAsList                            : loaded 2 times (x 147B)
Class com.google.common.base.Converter                                                : loaded 2 times (x 90B)
Class com.google.common.collect.ImmutableEnumSet                                      : loaded 2 times (x 146B)
Class com.google.common.util.concurrent.AbstractFuture                                : loaded 2 times (x 106B)
Class com.google.common.base.FunctionalEquivalence                                    : loaded 2 times (x 83B)
Class org.gradle.internal.classloader.ClassLoaderHierarchy                            : loaded 2 times (x 70B)
Class com.google.common.collect.AbstractMapBasedMultimap                              : loaded 2 times (x 139B)
Class com.google.common.collect.ImmutableAsList                                       : loaded 2 times (x 209B)
Class org.objectweb.asm.RecordComponentVisitor                                        : loaded 2 times (x 77B)
Class com.google.common.cache.CacheLoader$SupplierToCacheLoader                       : loaded 2 times (x 75B)
Class settings_crspakhhiwkim44zm7l9s2blw$_run_closure1                                : loaded 2 times (x 139B)
Class org.gradle.internal.time.MonotonicClock                                         : loaded 2 times (x 77B)
Class org.gradle.internal.service.ServiceLookupException                              : loaded 2 times (x 82B)
Class [Lcom.google.common.cache.LocalCache$EntryFactory;                              : loaded 2 times (x 69B)
Class org.gradle.internal.classloader.ClassLoaderFactory                              : loaded 2 times (x 70B)
Class com.google.common.cache.LocalCache$LocalManualCache                             : loaded 2 times (x 99B)
Class com.google.common.base.CharMatcher$IsNot                                        : loaded 2 times (x 111B)
Class com.google.common.base.CommonPattern                                            : loaded 2 times (x 74B)
Class org.gradle.internal.service.CachingServiceLocator                               : loaded 2 times (x 82B)
Class com.google.common.math.IntMath                                                  : loaded 2 times (x 71B)
Class org.objectweb.asm.commons.InstructionAdapter                                    : loaded 2 times (x 188B)
Class com.google.common.collect.ImmutableMapEntry                                     : loaded 2 times (x 85B)
Class org.gradle.internal.time.TimeSource                                             : loaded 2 times (x 70B)
Class com.google.common.base.Equivalence                                              : loaded 2 times (x 82B)
Class com.google.common.collect.ImmutableMapEntry$NonTerminalImmutableMapEntry        : loaded 2 times (x 85B)
Class com.google.common.base.Function                                                 : loaded 2 times (x 70B)
Class org.gradle.tooling.internal.gradle.GradleBuildIdentity                          : loaded 2 times (x 70B)
Class kotlin.enums.EnumEntries                                                        : loaded 2 times (x 70B)
Class com.google.common.collect.IndexedImmutableSet$1                                 : loaded 2 times (x 212B)
Class com.google.common.cache.CacheBuilder$OneWeigher                                 : loaded 2 times (x 82B)
Class com.google.common.collect.RegularImmutableList                                  : loaded 2 times (x 212B)
Class org.gradle.internal.exceptions.ResolutionProvider                               : loaded 2 times (x 70B)
Class ijInit1_enpm3j8idxbl4wxbdt7qx6qto                                               : loaded 2 times (x 171B)
Class org.gradle.tooling.model.ProjectIdentifier                                      : loaded 2 times (x 70B)
Class org.gradle.internal.classloader.ClasspathUtil                                   : loaded 2 times (x 71B)
Class org.jetbrains.kotlin.tooling.core.HasExtras                                     : loaded 2 times (x 70B)
Class com.google.common.util.concurrent.Uninterruptibles                              : loaded 2 times (x 71B)
Class com.google.common.collect.Maps                                                  : loaded 2 times (x 71B)
Class org.gradle.internal.time.TimeSource$1                                           : loaded 2 times (x 77B)
Class kotlin.jvm.internal.DefaultConstructorMarker                                    : loaded 2 times (x 71B)
Class org.gradle.api.specs.Spec                                                       : loaded 2 times (x 70B)
Class [Lcom.google.common.collect.ImmutableEntry;                                     : loaded 2 times (x 69B)
Class com.google.common.cache.LocalCache$LoadingValueReference                        : loaded 2 times (x 96B)
Class com.google.common.base.Platform                                                 : loaded 2 times (x 71B)
Class com.intellij.gradle.toolingExtension.impl.model.utilDummyModel.DummyModel       : loaded 2 times (x 70B)
Class org.gradle.internal.time.Clock                                                  : loaded 2 times (x 70B)
Class [Lorg.objectweb.asm.AnnotationWriter;                                           : loaded 2 times (x 69B)
Class com.google.common.collect.Maps$8                                                : loaded 2 times (x 82B)
Class sync_studio_tooling7_3y01s6nwgjnhbb2esc3ufne4$_run_closure1                     : loaded 2 times (x 139B)
Class kotlin.collections.AbstractList                                                 : loaded 2 times (x 197B)
Class kotlin.collections.AbstractCollection                                           : loaded 2 times (x 117B)
Class org.jetbrains.kotlin.tooling.core.Extras                                        : loaded 2 times (x 70B)
Class com.google.common.collect.Sets$SetView                                          : loaded 2 times (x 138B)
Class com.google.common.cache.LocalCache$StrongValueReference                         : loaded 2 times (x 90B)
Class org.objectweb.asm.Type                                                          : loaded 2 times (x 72B)
Class org.gradle.internal.classloader.VisitableURLClassLoader$InstrumentingVisitableURLClassLoader: loaded 2 times (x 123B)
Class org.objectweb.asm.ByteVector                                                    : loaded 2 times (x 79B)
Class [Lcom.google.common.cache.CacheBuilder$NullListener;                            : loaded 2 times (x 69B)
Class com.google.common.math.IntMath$1                                                : loaded 2 times (x 71B)
Class org.gradle.internal.classloader.VisitableURLClassLoader$Spec                    : loaded 2 times (x 74B)
Class org.gradle.internal.classpath.DefaultClassPath                                  : loaded 2 times (x 90B)
Class org.objectweb.asm.Symbol                                                        : loaded 2 times (x 73B)
Class com.google.common.base.AbstractIterator                                         : loaded 2 times (x 80B)
Class org.gradle.util.internal.DefaultGradleVersion                                   : loaded 2 times (x 82B)
Class com.google.common.collect.RegularImmutableMap$Values                            : loaded 2 times (x 207B)
Class com.google.common.collect.ImmutableSet                                          : loaded 2 times (x 145B)
Class com.google.common.base.CharMatcher$BitSetMatcher                                : loaded 2 times (x 112B)
Class org.gradle.internal.classloader.ClassLoaderSpec                                 : loaded 2 times (x 71B)
Class org.objectweb.asm.AnnotationWriter                                              : loaded 2 times (x 79B)
Class com.google.common.cache.CacheStats                                              : loaded 2 times (x 71B)
Class org.objectweb.asm.RecordComponentWriter                                         : loaded 2 times (x 78B)
Class com.google.common.util.concurrent.AbstractFuture$Listener                       : loaded 2 times (x 72B)
Class com.google.common.base.CharMatcher$Or                                           : loaded 2 times (x 112B)
Class org.objectweb.asm.Attribute                                                     : loaded 2 times (x 77B)
Class com.google.common.base.Supplier                                                 : loaded 2 times (x 70B)
Class org.gradle.internal.classloader.VisitableURLClassLoader                         : loaded 2 times (x 117B)
Class com.google.common.base.CharMatcher$IsEither                                     : loaded 2 times (x 111B)
Class [Lcom.google.common.base.AbstractIterator$State;                                : loaded 2 times (x 69B)
Class com.google.common.collect.Sets                                                  : loaded 2 times (x 71B)
Class org.objectweb.asm.Handler                                                       : loaded 2 times (x 72B)
Class com.google.common.base.Ticker                                                   : loaded 2 times (x 72B)
Class com.google.common.base.Strings                                                  : loaded 2 times (x 71B)
Class com.google.common.base.CharMatcher$FastMatcher                                  : loaded 2 times (x 111B)
Class [Lcom.google.common.cache.LocalCache$Segment;                                   : loaded 2 times (x 69B)
Class [Lcom.google.common.cache.LocalCache$Strength;                                  : loaded 2 times (x 69B)
Class com.google.common.cache.CacheBuilder$1                                          : loaded 2 times (x 85B)
Class com.google.common.collect.ImmutableMap                                          : loaded 2 times (x 120B)
Class com.google.common.base.Predicate                                                : loaded 2 times (x 70B)
Class org.gradle.internal.classpath.DefaultClassPath$ImmutableUniqueList$Builder      : loaded 2 times (x 75B)
Class com.google.common.cache.LocalCache                                              : loaded 2 times (x 187B)
Class com.google.common.cache.CacheBuilder$2                                          : loaded 2 times (x 72B)
Class com.google.common.base.CharMatcher$NegatedFastMatcher                           : loaded 2 times (x 113B)
Class [Lcom.google.common.collect.AbstractMapEntry;                                   : loaded 2 times (x 69B)
Class com.google.common.collect.ImmutableEntry                                        : loaded 2 times (x 82B)
Class com.google.common.collect.ArrayListMultimap                                     : loaded 2 times (x 172B)
Class org.gradle.internal.classloader.FilteringClassLoader                            : loaded 2 times (x 105B)
Class org.gradle.internal.exceptions.NonGradleCauseExceptionsHolder                   : loaded 2 times (x 70B)
Class com.google.common.collect.CollectPreconditions                                  : loaded 2 times (x 71B)
Class com.google.common.collect.SortedMapDifference                                   : loaded 2 times (x 70B)
Class com.google.common.cache.LocalCache$EntryFactory                                 : loaded 2 times (x 83B)
Class org.jetbrains.kotlin.tooling.core.HasMutableExtras                              : loaded 2 times (x 70B)
Class com.google.common.cache.LocalCache$AbstractReferenceEntry                       : loaded 2 times (x 107B)
Class com.google.common.base.CharMatcher$Whitespace                                   : loaded 2 times (x 112B)
Class kotlin.NotImplementedError                                                      : loaded 2 times (x 82B)
Class kotlin.enums.EnumEntriesKt                                                      : loaded 2 times (x 71B)
Class org.objectweb.asm.SymbolTable                                                   : loaded 2 times (x 72B)
Class com.google.common.cache.CacheLoader$InvalidCacheLoadException                   : loaded 2 times (x 82B)
Class com.google.common.collect.ImmutableSet$RegularSetBuilderImpl                    : loaded 2 times (x 77B)
Class org.gradle.internal.classloader.SystemClassLoaderSpec                           : loaded 2 times (x 71B)
Class com.google.common.cache.LocalCache$StrongEntry                                  : loaded 2 times (x 108B)
Class com.google.common.util.concurrent.AbstractFuture$TrustedFuture                  : loaded 2 times (x 114B)
Class com.google.common.cache.LoadingCache                                            : loaded 2 times (x 70B)
Class sync_studio_tooling7_3y01s6nwgjnhbb2esc3ufne4                                   : loaded 2 times (x 171B)
Class org.gradle.internal.exceptions.MultiCauseException                              : loaded 2 times (x 70B)
Class org.gradle.internal.time.CountdownTimer                                         : loaded 2 times (x 70B)
Class kotlin.jvm.internal.Intrinsics                                                  : loaded 2 times (x 71B)
Class org.objectweb.asm.MethodWriter                                                  : loaded 2 times (x 106B)
Class [Lcom.google.common.cache.Weigher;                                              : loaded 2 times (x 69B)
Class com.google.common.collect.RegularImmutableMap$BucketOverflowException           : loaded 2 times (x 82B)
Class org.gradle.tooling.model.ProjectModel                                           : loaded 2 times (x 70B)
Class kotlin.KotlinNullPointerException                                               : loaded 2 times (x 83B)
Class com.google.common.collect.RegularImmutableBiMap                                 : loaded 2 times (x 148B)
Class com.google.common.cache.LocalCache$ValueReference                               : loaded 2 times (x 70B)
Class com.google.common.base.CharMatcher$Negated                                      : loaded 2 times (x 113B)
Class com.google.common.base.CharMatcher$Is                                           : loaded 2 times (x 111B)
Class org.gradle.internal.exceptions.DefaultMultiCauseException                       : loaded 2 times (x 95B)
Class com.google.common.util.concurrent.AbstractFuture$Failure                        : loaded 2 times (x 72B)
Class com.google.common.base.Equivalence$Equals                                       : loaded 2 times (x 82B)
Class com.google.common.collect.Hashing                                               : loaded 2 times (x 71B)
Class com.google.common.base.PatternCompiler                                          : loaded 2 times (x 70B)
Class com.google.common.collect.RegularImmutableMap$KeySet                            : loaded 2 times (x 150B)
Class com.google.common.base.Joiner$1                                                 : loaded 2 times (x 80B)
Class org.objectweb.asm.Label                                                         : loaded 2 times (x 73B)
Class org.objectweb.asm.CurrentFrame                                                  : loaded 2 times (x 73B)
Class org.objectweb.asm.ClassTooLargeException                                        : loaded 2 times (x 83B)
Class com.google.gson.stream.JsonReader                                               : loaded 2 times (x 97B)
Class com.google.common.base.Equivalence$Identity                                     : loaded 2 times (x 82B)
Class com.google.common.base.CharMatcher                                              : loaded 2 times (x 111B)
Class org.gradle.internal.time.Time                                                   : loaded 2 times (x 71B)
Class com.google.common.base.Joiner$2                                                 : loaded 2 times (x 79B)
Class org.objectweb.asm.Frame                                                         : loaded 2 times (x 73B)
Class org.objectweb.asm.MethodVisitor                                                 : loaded 2 times (x 105B)
Class com.google.common.cache.LocalCache$EntryFactory$1                               : loaded 2 times (x 83B)
Class [Lcom.google.common.cache.RemovalListener;                                      : loaded 2 times (x 69B)
Class com.google.common.base.CharMatcher$1                                            : loaded 2 times (x 113B)
Class com.google.common.base.CharMatcher$NamedFastMatcher                             : loaded 2 times (x 112B)
Class com.google.common.cache.LocalCache$EntryFactory$2                               : loaded 2 times (x 83B)
Class org.gradle.api.internal.classpath.GlobalCacheRootsProvider                      : loaded 2 times (x 70B)
Class org.objectweb.asm.ModuleWriter                                                  : loaded 2 times (x 82B)
Class com.google.common.cache.LocalCache$EntryFactory$3                               : loaded 2 times (x 83B)
Class com.google.common.base.Ticker$1                                                 : loaded 2 times (x 72B)
Class com.google.common.collect.ImmutableMapEntrySet$RegularEntrySet                  : loaded 2 times (x 151B)
Class com.google.common.collect.Maps$BiMapConverter                                   : loaded 2 times (x 90B)
Class org.gradle.tooling.model.BuildIdentifier                                        : loaded 2 times (x 70B)
Class kotlin.NoWhenBranchMatchedException                                             : loaded 2 times (x 82B)
Class com.google.common.cache.LocalCache$EntryFactory$4                               : loaded 2 times (x 83B)
Class com.google.common.collect.ImmutableSet$Builder                                  : loaded 2 times (x 85B)
Class com.google.common.base.CharMatcher$InRange                                      : loaded 2 times (x 111B)
Class com.google.common.cache.LocalCache$EntryFactory$5                               : loaded 2 times (x 83B)
Class com.google.common.cache.LocalCache$EntryFactory$6                               : loaded 2 times (x 83B)
Class settings_crspakhhiwkim44zm7l9s2blw                                              : loaded 2 times (x 171B)
Class org.gradle.internal.time.Timer                                                  : loaded 2 times (x 70B)
Class kotlin.jvm.internal.markers.KMappedMarker                                       : loaded 2 times (x 70B)
Class org.gradle.internal.installation.CurrentGradleInstallationLocator               : loaded 2 times (x 71B)
Class com.google.common.cache.LocalCache$EntryFactory$7                               : loaded 2 times (x 83B)
Class com.google.common.collect.ImmutableSet$EmptySetBuilderImpl                      : loaded 2 times (x 76B)
Class com.google.common.base.Suppliers                                                : loaded 2 times (x 71B)
Class org.gradle.internal.service.DefaultServiceLocator                               : loaded 2 times (x 83B)
Class com.google.common.cache.LocalCache$EntryFactory$8                               : loaded 2 times (x 83B)
Class com.google.common.collect.ImmutableSet$SetBuilderImpl                           : loaded 2 times (x 76B)
Class org.gradle.util.GradleVersion                                                   : loaded 2 times (x 81B)
Class org.gradle.internal.installation.CurrentGradleInstallation                      : loaded 2 times (x 73B)
Class com.google.common.cache.CacheLoader$1                                           : loaded 2 times (x 75B)
Class com.google.common.collect.ImmutableList$SubList                                 : loaded 2 times (x 208B)
Class org.gradle.util.internal.GUtil                                                  : loaded 2 times (x 71B)
Class com.google.common.cache.AbstractCache$StatsCounter                              : loaded 2 times (x 70B)
Class com.google.common.base.PairwiseEquivalence                                      : loaded 2 times (x 83B)
Class com.google.common.collect.RegularImmutableSet                                   : loaded 2 times (x 148B)
Class org.gradle.internal.installation.GradleInstallation                             : loaded 2 times (x 75B)
Class com.google.common.collect.Iterables                                             : loaded 2 times (x 71B)
Class com.google.common.base.Splitter$Strategy                                        : loaded 2 times (x 70B)

---------------  S Y S T E M  ---------------

OS:
 Windows 11 , 64 bit Build 26100 (10.0.26100.7705)
OS uptime: 0 days 2:43 hours
Hyper-V role detected

CPU: total 24 (initial active 24) (24 cores per cpu, 2 threads per core) family 26 model 36 stepping 0 microcode 0xb204032, cx8, cmov, fxsr, ht, mmx, 3dnowpref, sse, sse2, sse3, ssse3, sse4a, sse4.1, sse4.2, popcnt, lzcnt, tsc, tscinvbit, avx, avx2, aes, erms, clmul, bmi1, bmi2, adx, avx512f, avx512dq, avx512cd, avx512bw, avx512vl, sha, fma, vzeroupper, avx512_vpopcntdq, avx512_vpclmulqdq, avx512_vaes, avx512_vnni, clflush, clflushopt, avx512_vbmi2, avx512_vbmi, hv, rdtscp, rdpid, fsrm, gfni, avx512_bitalg, f16c, cet_ss, avx512_ifma
Processor Information for the first 24 processors :
  Max Mhz: 2000, Current Mhz: 2000, Mhz Limit: 2000

Memory: 4k page, system-wide physical 23673M (2212M free)
TotalPageFile size 29374M (AvailPageFile size 5M)
current process WorkingSet (physical memory assigned to process): 1156M, peak: 1160M
current process commit charge ("private bytes"): 1209M, peak: 1215M

vm_info: OpenJDK 64-Bit Server VM (21.0.9+-14649483-b1163.86) for windows-amd64 JRE (21.0.9+-14649483-b1163.86), built on 2025-12-30T22:08:35Z by "builder" with MS VC++ 16.10 / 16.11 (VS2019)

END.
